2026-02-13 20:10:01.469: [INFO][Sync] Reset engine, reason: 8
2026-02-13 20:10:01.469: [INFO][Sync] Stopped: Bookmarks
2026-02-13 20:10:01.469: [INFO][Sync] Stopped: Preferences
2026-02-13 20:10:01.469: [INFO][Sync] Stopped: Passwords
2026-02-13 20:10:01.469: [INFO][Sync] Stopped: Autofill Profiles
2026-02-13 20:10:01.469: [INFO][Sync] Stopped: Autofill
2026-02-13 20:10:01.469: [INFO][Sync] Stopped: Extensions
2026-02-13 20:10:01.469: [INFO][Sync] Stopped: Sessions
2026-02-13 20:10:01.469: [INFO][Sync] Stopped: Extension settings
2026-02-13 20:10:01.469: [INFO][Sync] Stopped: History Delete Directives
2026-02-13 20:10:01.469: [INFO][Sync] Stopped: Device Info
2026-02-13 20:10:01.469: [INFO][Sync] Stopped: User Consents
2026-02-13 20:10:01.469: [INFO][Sync] Stopped: Send Tab To Self
2026-02-13 20:10:01.469: [INFO][Sync] Stopped: Web Apps
2026-02-13 20:10:01.469: [INFO][Sync] Stopped: History
2026-02-13 20:10:01.469: [INFO][Sync] Stopped: Saved Tab Group
2026-02-13 20:10:01.469: [INFO][Sync] Stopped: WebAuthn Credentials
2026-02-13 20:10:01.469: [INFO][Sync] Stopped: Collection
2026-02-13 20:10:01.469: [INFO][Sync] Stopped: Edge E Drop
2026-02-13 20:10:01.469: [INFO][Sync] Stopped: Edge Hub App Usage
2026-02-13 20:10:01.469: [INFO][Sync] Stopped: Edge Wallet
2026-02-13 20:10:01.469: [INFO][Sync] SyncState after authenticated was: NotSignedIn
2026-02-13 20:10:01.638: [INFO][Sync] Reset engine, reason: 8
2026-02-13 20:10:01.638: [INFO][Sync] Stopped: Bookmarks
2026-02-13 20:10:01.638: [INFO][Sync] Stopped: Preferences
2026-02-13 20:10:01.638: [INFO][Sync] Stopped: Passwords
2026-02-13 20:10:01.638: [INFO][Sync] Stopped: Autofill Profiles
2026-02-13 20:10:01.638: [INFO][Sync] Stopped: Autofill
2026-02-13 20:10:01.638: [INFO][Sync] Stopped: Extensions
2026-02-13 20:10:01.638: [INFO][Sync] Stopped: Sessions
2026-02-13 20:10:01.638: [INFO][Sync] Stopped: Extension settings
2026-02-13 20:10:01.638: [INFO][Sync] Stopped: History Delete Directives
2026-02-13 20:10:01.638: [INFO][Sync] Stopped: Device Info
2026-02-13 20:10:01.638: [INFO][Sync] Stopped: User Consents
2026-02-13 20:10:01.638: [INFO][Sync] Stopped: Send Tab To Self
2026-02-13 20:10:01.638: [INFO][Sync] Stopped: Web Apps
2026-02-13 20:10:01.638: [INFO][Sync] Stopped: History
2026-02-13 20:10:01.638: [INFO][Sync] Stopped: Saved Tab Group
2026-02-13 20:10:01.638: [INFO][Sync] Stopped: WebAuthn Credentials
2026-02-13 20:10:01.638: [INFO][Sync] Stopped: Collection
2026-02-13 20:10:01.638: [INFO][Sync] Stopped: Edge E Drop
2026-02-13 20:10:01.638: [INFO][Sync] Stopped: Edge Hub App Usage
2026-02-13 20:10:01.638: [INFO][Sync] Stopped: Edge Wallet
2026-02-13 20:11:34.587: [INFO][Sync] Reset engine, reason: 0
2026-02-16 00:55:26.610: [INFO][Sync] Reset engine, reason: 8
2026-02-16 00:55:26.610: [INFO][Sync] Stopped: Bookmarks
2026-02-16 00:55:26.610: [INFO][Sync] Stopped: Preferences
2026-02-16 00:55:26.610: [INFO][Sync] Stopped: Passwords
2026-02-16 00:55:26.610: [INFO][Sync] Stopped: Autofill Profiles
2026-02-16 00:55:26.610: [INFO][Sync] Stopped: Autofill
2026-02-16 00:55:26.610: [INFO][Sync] Stopped: Extensions
2026-02-16 00:55:26.610: [INFO][Sync] Stopped: Sessions
2026-02-16 00:55:26.610: [INFO][Sync] Stopped: Extension settings
2026-02-16 00:55:26.610: [INFO][Sync] Stopped: History Delete Directives
2026-02-16 00:55:26.610: [INFO][Sync] Stopped: Device Info
2026-02-16 00:55:26.610: [INFO][Sync] Stopped: User Consents
2026-02-16 00:55:26.610: [INFO][Sync] Stopped: Send Tab To Self
2026-02-16 00:55:26.610: [INFO][Sync] Stopped: Web Apps
2026-02-16 00:55:26.610: [INFO][Sync] Stopped: History
2026-02-16 00:55:26.610: [INFO][Sync] Stopped: Saved Tab Group
2026-02-16 00:55:26.610: [INFO][Sync] Stopped: WebAuthn Credentials
2026-02-16 00:55:26.610: [INFO][Sync] Stopped: Collection
2026-02-16 00:55:26.610: [INFO][Sync] Stopped: Edge E Drop
2026-02-16 00:55:26.610: [INFO][Sync] Stopped: Edge Hub App Usage
2026-02-16 00:55:26.610: [INFO][Sync] Stopped: Edge Wallet
2026-02-16 00:55:26.610: [INFO][Sync] Stopped: Edge Workspace
2026-02-16 00:55:26.610: [INFO][Sync] SyncState after authenticated was: NotSignedIn
2026-02-16 00:55:26.735: [INFO][Sync] Reset engine, reason: 8
2026-02-16 00:55:26.735: [INFO][Sync] Stopped: Bookmarks
2026-02-16 00:55:26.735: [INFO][Sync] Stopped: Preferences
2026-02-16 00:55:26.735: [INFO][Sync] Stopped: Passwords
2026-02-16 00:55:26.735: [INFO][Sync] Stopped: Autofill Profiles
2026-02-16 00:55:26.735: [INFO][Sync] Stopped: Autofill
2026-02-16 00:55:26.735: [INFO][Sync] Stopped: Extensions
2026-02-16 00:55:26.735: [INFO][Sync] Stopped: Sessions
2026-02-16 00:55:26.735: [INFO][Sync] Stopped: Extension settings
2026-02-16 00:55:26.735: [INFO][Sync] Stopped: History Delete Directives
2026-02-16 00:55:26.735: [INFO][Sync] Stopped: Device Info
2026-02-16 00:55:26.735: [INFO][Sync] Stopped: User Consents
2026-02-16 00:55:26.735: [INFO][Sync] Stopped: Send Tab To Self
2026-02-16 00:55:26.735: [INFO][Sync] Stopped: Web Apps
2026-02-16 00:55:26.735: [INFO][Sync] Stopped: History
2026-02-16 00:55:26.735: [INFO][Sync] Stopped: Saved Tab Group
2026-02-16 00:55:26.735: [INFO][Sync] Stopped: WebAuthn Credentials
2026-02-16 00:55:26.735: [INFO][Sync] Stopped: Collection
2026-02-16 00:55:26.735: [INFO][Sync] Stopped: Edge E Drop
2026-02-16 00:55:26.735: [INFO][Sync] Stopped: Edge Hub App Usage
2026-02-16 00:55:26.735: [INFO][Sync] Stopped: Edge Wallet
2026-02-16 00:55:26.735: [INFO][Sync] Stopped: Edge Workspace
2026-02-16 00:55:49.874: [INFO][Sync] Reset engine, reason: 0
2026-02-16 00:56:03.838: [INFO][Sync] Reset engine, reason: 8
2026-02-16 00:56:03.838: [INFO][Sync] Stopped: Bookmarks
2026-02-16 00:56:03.838: [INFO][Sync] Stopped: Preferences
2026-02-16 00:56:03.838: [INFO][Sync] Stopped: Passwords
2026-02-16 00:56:03.838: [INFO][Sync] Stopped: Autofill Profiles
2026-02-16 00:56:03.838: [INFO][Sync] Stopped: Autofill
2026-02-16 00:56:03.838: [INFO][Sync] Stopped: Extensions
2026-02-16 00:56:03.838: [INFO][Sync] Stopped: Sessions
2026-02-16 00:56:03.838: [INFO][Sync] Stopped: Extension settings
2026-02-16 00:56:03.838: [INFO][Sync] Stopped: History Delete Directives
2026-02-16 00:56:03.838: [INFO][Sync] Stopped: Device Info
2026-02-16 00:56:03.838: [INFO][Sync] Stopped: User Consents
2026-02-16 00:56:03.838: [INFO][Sync] Stopped: Send Tab To Self
2026-02-16 00:56:03.838: [INFO][Sync] Stopped: Web Apps
2026-02-16 00:56:03.838: [INFO][Sync] Stopped: History
2026-02-16 00:56:03.838: [INFO][Sync] Stopped: Saved Tab Group
2026-02-16 00:56:03.838: [INFO][Sync] Stopped: WebAuthn Credentials
2026-02-16 00:56:03.838: [INFO][Sync] Stopped: Collection
2026-02-16 00:56:03.838: [INFO][Sync] Stopped: Edge E Drop
2026-02-16 00:56:03.838: [INFO][Sync] Stopped: Edge Hub App Usage
2026-02-16 00:56:03.838: [INFO][Sync] Stopped: Edge Wallet
2026-02-16 00:56:03.838: [INFO][Sync] Stopped: Edge Workspace
2026-02-16 00:56:03.838: [INFO][Sync] SyncState after authenticated was: NotSignedIn
2026-02-16 00:56:03.974: [INFO][Sync] Reset engine, reason: 8
2026-02-16 00:56:03.974: [INFO][Sync] Stopped: Bookmarks
2026-02-16 00:56:03.974: [INFO][Sync] Stopped: Preferences
2026-02-16 00:56:03.974: [INFO][Sync] Stopped: Passwords
2026-02-16 00:56:03.974: [INFO][Sync] Stopped: Autofill Profiles
2026-02-16 00:56:03.974: [INFO][Sync] Stopped: Autofill
2026-02-16 00:56:03.974: [INFO][Sync] Stopped: Extensions
2026-02-16 00:56:03.974: [INFO][Sync] Stopped: Sessions
2026-02-16 00:56:03.974: [INFO][Sync] Stopped: Extension settings
2026-02-16 00:56:03.974: [INFO][Sync] Stopped: History Delete Directives
2026-02-16 00:56:03.974: [INFO][Sync] Stopped: Device Info
2026-02-16 00:56:03.974: [INFO][Sync] Stopped: User Consents
2026-02-16 00:56:03.974: [INFO][Sync] Stopped: Send Tab To Self
2026-02-16 00:56:03.974: [INFO][Sync] Stopped: Web Apps
2026-02-16 00:56:03.974: [INFO][Sync] Stopped: History
2026-02-16 00:56:03.974: [INFO][Sync] Stopped: Saved Tab Group
2026-02-16 00:56:03.974: [INFO][Sync] Stopped: WebAuthn Credentials
2026-02-16 00:56:03.974: [INFO][Sync] Stopped: Collection
2026-02-16 00:56:03.974: [INFO][Sync] Stopped: Edge E Drop
2026-02-16 00:56:03.974: [INFO][Sync] Stopped: Edge Hub App Usage
2026-02-16 00:56:03.974: [INFO][Sync] Stopped: Edge Wallet
2026-02-16 00:56:03.974: [INFO][Sync] Stopped: Edge Workspace
2026-02-16 00:56:27.711: [INFO][Sync] Reset engine, reason: 0
2026-02-16 00:58:19.221: [INFO][Sync] Reset engine, reason: 8
2026-02-16 00:58:19.221: [INFO][Sync] Stopped: Bookmarks
2026-02-16 00:58:19.221: [INFO][Sync] Stopped: Preferences
2026-02-16 00:58:19.221: [INFO][Sync] Stopped: Passwords
2026-02-16 00:58:19.221: [INFO][Sync] Stopped: Autofill Profiles
2026-02-16 00:58:19.221: [INFO][Sync] Stopped: Autofill
2026-02-16 00:58:19.221: [INFO][Sync] Stopped: Extensions
2026-02-16 00:58:19.221: [INFO][Sync] Stopped: Sessions
2026-02-16 00:58:19.221: [INFO][Sync] Stopped: Extension settings
2026-02-16 00:58:19.221: [INFO][Sync] Stopped: History Delete Directives
2026-02-16 00:58:19.221: [INFO][Sync] Stopped: Device Info
2026-02-16 00:58:19.221: [INFO][Sync] Stopped: User Consents
2026-02-16 00:58:19.221: [INFO][Sync] Stopped: Send Tab To Self
2026-02-16 00:58:19.221: [INFO][Sync] Stopped: Web Apps
2026-02-16 00:58:19.221: [INFO][Sync] Stopped: History
2026-02-16 00:58:19.221: [INFO][Sync] Stopped: Saved Tab Group
2026-02-16 00:58:19.221: [INFO][Sync] Stopped: WebAuthn Credentials
2026-02-16 00:58:19.221: [INFO][Sync] Stopped: Collection
2026-02-16 00:58:19.221: [INFO][Sync] Stopped: Edge E Drop
2026-02-16 00:58:19.221: [INFO][Sync] Stopped: Edge Hub App Usage
2026-02-16 00:58:19.221: [INFO][Sync] Stopped: Edge Wallet
2026-02-16 00:58:19.221: [INFO][Sync] Stopped: Edge Workspace
2026-02-16 00:58:19.221: [INFO][Sync] SyncState after authenticated was: NotSignedIn
2026-02-16 00:58:19.357: [INFO][Sync] Reset engine, reason: 8
2026-02-16 00:58:19.357: [INFO][Sync] Stopped: Bookmarks
2026-02-16 00:58:19.357: [INFO][Sync] Stopped: Preferences
2026-02-16 00:58:19.357: [INFO][Sync] Stopped: Passwords
2026-02-16 00:58:19.357: [INFO][Sync] Stopped: Autofill Profiles
2026-02-16 00:58:19.357: [INFO][Sync] Stopped: Autofill
2026-02-16 00:58:19.357: [INFO][Sync] Stopped: Extensions
2026-02-16 00:58:19.357: [INFO][Sync] Stopped: Sessions
2026-02-16 00:58:19.357: [INFO][Sync] Stopped: Extension settings
2026-02-16 00:58:19.357: [INFO][Sync] Stopped: History Delete Directives
2026-02-16 00:58:19.357: [INFO][Sync] Stopped: Device Info
2026-02-16 00:58:19.357: [INFO][Sync] Stopped: User Consents
2026-02-16 00:58:19.357: [INFO][Sync] Stopped: Send Tab To Self
2026-02-16 00:58:19.357: [INFO][Sync] Stopped: Web Apps
2026-02-16 00:58:19.357: [INFO][Sync] Stopped: History
2026-02-16 00:58:19.357: [INFO][Sync] Stopped: Saved Tab Group
2026-02-16 00:58:19.357: [INFO][Sync] Stopped: WebAuthn Credentials
2026-02-16 00:58:19.357: [INFO][Sync] Stopped: Collection
2026-02-16 00:58:19.357: [INFO][Sync] Stopped: Edge E Drop
2026-02-16 00:58:19.357: [INFO][Sync] Stopped: Edge Hub App Usage
2026-02-16 00:58:19.357: [INFO][Sync] Stopped: Edge Wallet
2026-02-16 00:58:19.357: [INFO][Sync] Stopped: Edge Workspace
2026-02-16 00:58:54.978: [INFO][Sync] Reset engine, reason: 0
2026-02-16 01:03:30.979: [INFO][Sync] Reset engine, reason: 8
2026-02-16 01:03:30.979: [INFO][Sync] Stopped: Bookmarks
2026-02-16 01:03:30.979: [INFO][Sync] Stopped: Preferences
2026-02-16 01:03:30.979: [INFO][Sync] Stopped: Passwords
2026-02-16 01:03:30.979: [INFO][Sync] Stopped: Autofill Profiles
2026-02-16 01:03:30.979: [INFO][Sync] Stopped: Autofill
2026-02-16 01:03:30.979: [INFO][Sync] Stopped: Extensions
2026-02-16 01:03:30.979: [INFO][Sync] Stopped: Sessions
2026-02-16 01:03:30.979: [INFO][Sync] Stopped: Extension settings
2026-02-16 01:03:30.979: [INFO][Sync] Stopped: History Delete Directives
2026-02-16 01:03:30.979: [INFO][Sync] Stopped: Device Info
2026-02-16 01:03:30.979: [INFO][Sync] Stopped: User Consents
2026-02-16 01:03:30.979: [INFO][Sync] Stopped: Send Tab To Self
2026-02-16 01:03:30.979: [INFO][Sync] Stopped: Web Apps
2026-02-16 01:03:30.979: [INFO][Sync] Stopped: History
2026-02-16 01:03:30.979: [INFO][Sync] Stopped: Saved Tab Group
2026-02-16 01:03:30.979: [INFO][Sync] Stopped: WebAuthn Credentials
2026-02-16 01:03:30.979: [INFO][Sync] Stopped: Collection
2026-02-16 01:03:30.979: [INFO][Sync] Stopped: Edge E Drop
2026-02-16 01:03:30.979: [INFO][Sync] Stopped: Edge Hub App Usage
2026-02-16 01:03:30.979: [INFO][Sync] Stopped: Edge Wallet
2026-02-16 01:03:30.979: [INFO][Sync] Stopped: Edge Workspace
2026-02-16 01:03:30.979: [INFO][Sync] SyncState after authenticated was: NotSignedIn
2026-02-16 01:03:31.110: [INFO][Sync] Reset engine, reason: 8
2026-02-16 01:03:31.110: [INFO][Sync] Stopped: Bookmarks
2026-02-16 01:03:31.110: [INFO][Sync] Stopped: Preferences
2026-02-16 01:03:31.110: [INFO][Sync] Stopped: Passwords
2026-02-16 01:03:31.110: [INFO][Sync] Stopped: Autofill Profiles
2026-02-16 01:03:31.110: [INFO][Sync] Stopped: Autofill
2026-02-16 01:03:31.110: [INFO][Sync] Stopped: Extensions
2026-02-16 01:03:31.110: [INFO][Sync] Stopped: Sessions
2026-02-16 01:03:31.110: [INFO][Sync] Stopped: Extension settings
2026-02-16 01:03:31.110: [INFO][Sync] Stopped: History Delete Directives
2026-02-16 01:03:31.110: [INFO][Sync] Stopped: Device Info
2026-02-16 01:03:31.110: [INFO][Sync] Stopped: User Consents
2026-02-16 01:03:31.110: [INFO][Sync] Stopped: Send Tab To Self
2026-02-16 01:03:31.110: [INFO][Sync] Stopped: Web Apps
2026-02-16 01:03:31.110: [INFO][Sync] Stopped: History
2026-02-16 01:03:31.110: [INFO][Sync] Stopped: Saved Tab Group
2026-02-16 01:03:31.110: [INFO][Sync] Stopped: WebAuthn Credentials
2026-02-16 01:03:31.110: [INFO][Sync] Stopped: Collection
2026-02-16 01:03:31.110: [INFO][Sync] Stopped: Edge E Drop
2026-02-16 01:03:31.110: [INFO][Sync] Stopped: Edge Hub App Usage
2026-02-16 01:03:31.110: [INFO][Sync] Stopped: Edge Wallet
2026-02-16 01:03:31.110: [INFO][Sync] Stopped: Edge Workspace
2026-02-16 01:04:21.717: [INFO][Sync] Reset engine, reason: 0
2026-02-16 01:32:07.384: [INFO][Sync] Reset engine, reason: 8
2026-02-16 01:32:07.384: [INFO][Sync] Stopped: Bookmarks
2026-02-16 01:32:07.384: [INFO][Sync] Stopped: Preferences
2026-02-16 01:32:07.384: [INFO][Sync] Stopped: Passwords
2026-02-16 01:32:07.384: [INFO][Sync] Stopped: Autofill Profiles
2026-02-16 01:32:07.384: [INFO][Sync] Stopped: Autofill
2026-02-16 01:32:07.384: [INFO][Sync] Stopped: Extensions
2026-02-16 01:32:07.384: [INFO][Sync] Stopped: Sessions
2026-02-16 01:32:07.384: [INFO][Sync] Stopped: Extension settings
2026-02-16 01:32:07.384: [INFO][Sync] Stopped: History Delete Directives
2026-02-16 01:32:07.384: [INFO][Sync] Stopped: Device Info
2026-02-16 01:32:07.384: [INFO][Sync] Stopped: User Consents
2026-02-16 01:32:07.384: [INFO][Sync] Stopped: Send Tab To Self
2026-02-16 01:32:07.384: [INFO][Sync] Stopped: Web Apps
2026-02-16 01:32:07.384: [INFO][Sync] Stopped: History
2026-02-16 01:32:07.384: [INFO][Sync] Stopped: Saved Tab Group
2026-02-16 01:32:07.384: [INFO][Sync] Stopped: WebAuthn Credentials
2026-02-16 01:32:07.384: [INFO][Sync] Stopped: Collection
2026-02-16 01:32:07.384: [INFO][Sync] Stopped: Edge E Drop
2026-02-16 01:32:07.384: [INFO][Sync] Stopped: Edge Hub App Usage
2026-02-16 01:32:07.384: [INFO][Sync] Stopped: Edge Wallet
2026-02-16 01:32:07.384: [INFO][Sync] Stopped: Edge Workspace
2026-02-16 01:32:07.384: [INFO][Sync] SyncState after authenticated was: NotSignedIn
2026-02-16 01:32:07.520: [INFO][Sync] Reset engine, reason: 8
2026-02-16 01:32:07.520: [INFO][Sync] Stopped: Bookmarks
2026-02-16 01:32:07.520: [INFO][Sync] Stopped: Preferences
2026-02-16 01:32:07.520: [INFO][Sync] Stopped: Passwords
2026-02-16 01:32:07.520: [INFO][Sync] Stopped: Autofill Profiles
2026-02-16 01:32:07.520: [INFO][Sync] Stopped: Autofill
2026-02-16 01:32:07.520: [INFO][Sync] Stopped: Extensions
2026-02-16 01:32:07.520: [INFO][Sync] Stopped: Sessions
2026-02-16 01:32:07.520: [INFO][Sync] Stopped: Extension settings
2026-02-16 01:32:07.520: [INFO][Sync] Stopped: History Delete Directives
2026-02-16 01:32:07.520: [INFO][Sync] Stopped: Device Info
2026-02-16 01:32:07.520: [INFO][Sync] Stopped: User Consents
2026-02-16 01:32:07.520: [INFO][Sync] Stopped: Send Tab To Self
2026-02-16 01:32:07.520: [INFO][Sync] Stopped: Web Apps
2026-02-16 01:32:07.520: [INFO][Sync] Stopped: History
2026-02-16 01:32:07.520: [INFO][Sync] Stopped: Saved Tab Group
2026-02-16 01:32:07.520: [INFO][Sync] Stopped: WebAuthn Credentials
2026-02-16 01:32:07.520: [INFO][Sync] Stopped: Collection
2026-02-16 01:32:07.520: [INFO][Sync] Stopped: Edge E Drop
2026-02-16 01:32:07.520: [INFO][Sync] Stopped: Edge Hub App Usage
2026-02-16 01:32:07.520: [INFO][Sync] Stopped: Edge Wallet
2026-02-16 01:32:07.520: [INFO][Sync] Stopped: Edge Workspace
2026-02-16 01:33:38.669: [INFO][Sync] Reset engine, reason: 0
2026-02-16 01:34:42.936: [INFO][Sync] Reset engine, reason: 8
2026-02-16 01:34:42.936: [INFO][Sync] Stopped: Bookmarks
2026-02-16 01:34:42.936: [INFO][Sync] Stopped: Preferences
2026-02-16 01:34:42.936: [INFO][Sync] Stopped: Passwords
2026-02-16 01:34:42.936: [INFO][Sync] Stopped: Autofill Profiles
2026-02-16 01:34:42.936: [INFO][Sync] Stopped: Autofill
2026-02-16 01:34:42.936: [INFO][Sync] Stopped: Extensions
2026-02-16 01:34:42.936: [INFO][Sync] Stopped: Sessions
2026-02-16 01:34:42.936: [INFO][Sync] Stopped: Extension settings
2026-02-16 01:34:42.936: [INFO][Sync] Stopped: History Delete Directives
2026-02-16 01:34:42.936: [INFO][Sync] Stopped: Device Info
2026-02-16 01:34:42.936: [INFO][Sync] Stopped: User Consents
2026-02-16 01:34:42.936: [INFO][Sync] Stopped: Send Tab To Self
2026-02-16 01:34:42.936: [INFO][Sync] Stopped: Web Apps
2026-02-16 01:34:42.936: [INFO][Sync] Stopped: History
2026-02-16 01:34:42.936: [INFO][Sync] Stopped: Saved Tab Group
2026-02-16 01:34:42.936: [INFO][Sync] Stopped: WebAuthn Credentials
2026-02-16 01:34:42.936: [INFO][Sync] Stopped: Collection
2026-02-16 01:34:42.936: [INFO][Sync] Stopped: Edge E Drop
2026-02-16 01:34:42.936: [INFO][Sync] Stopped: Edge Hub App Usage
2026-02-16 01:34:42.936: [INFO][Sync] Stopped: Edge Wallet
2026-02-16 01:34:42.936: [INFO][Sync] Stopped: Edge Workspace
2026-02-16 01:34:42.936: [INFO][Sync] SyncState after authenticated was: NotSignedIn
2026-02-16 01:34:43.067: [INFO][Sync] Reset engine, reason: 8
2026-02-16 01:34:43.067: [INFO][Sync] Stopped: Bookmarks
2026-02-16 01:34:43.067: [INFO][Sync] Stopped: Preferences
2026-02-16 01:34:43.067: [INFO][Sync] Stopped: Passwords
2026-02-16 01:34:43.068: [INFO][Sync] Stopped: Autofill Profiles
2026-02-16 01:34:43.068: [INFO][Sync] Stopped: Autofill
2026-02-16 01:34:43.068: [INFO][Sync] Stopped: Extensions
2026-02-16 01:34:43.068: [INFO][Sync] Stopped: Sessions
2026-02-16 01:34:43.068: [INFO][Sync] Stopped: Extension settings
2026-02-16 01:34:43.068: [INFO][Sync] Stopped: History Delete Directives
2026-02-16 01:34:43.068: [INFO][Sync] Stopped: Device Info
2026-02-16 01:34:43.068: [INFO][Sync] Stopped: User Consents
2026-02-16 01:34:43.068: [INFO][Sync] Stopped: Send Tab To Self
2026-02-16 01:34:43.068: [INFO][Sync] Stopped: Web Apps
2026-02-16 01:34:43.068: [INFO][Sync] Stopped: History
2026-02-16 01:34:43.068: [INFO][Sync] Stopped: Saved Tab Group
2026-02-16 01:34:43.068: [INFO][Sync] Stopped: WebAuthn Credentials
2026-02-16 01:34:43.068: [INFO][Sync] Stopped: Collection
2026-02-16 01:34:43.068: [INFO][Sync] Stopped: Edge E Drop
2026-02-16 01:34:43.068: [INFO][Sync] Stopped: Edge Hub App Usage
2026-02-16 01:34:43.068: [INFO][Sync] Stopped: Edge Wallet
2026-02-16 01:34:43.068: [INFO][Sync] Stopped: Edge Workspace
2026-02-16 01:35:42.277: [INFO][Sync] Reset engine, reason: 0
2026-02-16 01:37:13.779: [INFO][Sync] Reset engine, reason: 8
2026-02-16 01:37:13.779: [INFO][Sync] Stopped: Bookmarks
2026-02-16 01:37:13.779: [INFO][Sync] Stopped: Preferences
2026-02-16 01:37:13.779: [INFO][Sync] Stopped: Passwords
2026-02-16 01:37:13.779: [INFO][Sync] Stopped: Autofill Profiles
2026-02-16 01:37:13.779: [INFO][Sync] Stopped: Autofill
2026-02-16 01:37:13.779: [INFO][Sync] Stopped: Extensions
2026-02-16 01:37:13.779: [INFO][Sync] Stopped: Sessions
2026-02-16 01:37:13.779: [INFO][Sync] Stopped: Extension settings
2026-02-16 01:37:13.779: [INFO][Sync] Stopped: History Delete Directives
2026-02-16 01:37:13.779: [INFO][Sync] Stopped: Device Info
2026-02-16 01:37:13.779: [INFO][Sync] Stopped: User Consents
2026-02-16 01:37:13.779: [INFO][Sync] Stopped: Send Tab To Self
2026-02-16 01:37:13.779: [INFO][Sync] Stopped: Web Apps
2026-02-16 01:37:13.779: [INFO][Sync] Stopped: History
2026-02-16 01:37:13.779: [INFO][Sync] Stopped: Saved Tab Group
2026-02-16 01:37:13.779: [INFO][Sync] Stopped: WebAuthn Credentials
2026-02-16 01:37:13.779: [INFO][Sync] Stopped: Collection
2026-02-16 01:37:13.779: [INFO][Sync] Stopped: Edge E Drop
2026-02-16 01:37:13.779: [INFO][Sync] Stopped: Edge Hub App Usage
2026-02-16 01:37:13.779: [INFO][Sync] Stopped: Edge Wallet
2026-02-16 01:37:13.779: [INFO][Sync] Stopped: Edge Workspace
2026-02-16 01:37:13.779: [INFO][Sync] SyncState after authenticated was: NotSignedIn
2026-02-16 01:37:13.902: [INFO][Sync] Reset engine, reason: 8
2026-02-16 01:37:13.902: [INFO][Sync] Stopped: Bookmarks
2026-02-16 01:37:13.902: [INFO][Sync] Stopped: Preferences
2026-02-16 01:37:13.902: [INFO][Sync] Stopped: Passwords
2026-02-16 01:37:13.902: [INFO][Sync] Stopped: Autofill Profiles
2026-02-16 01:37:13.902: [INFO][Sync] Stopped: Autofill
2026-02-16 01:37:13.902: [INFO][Sync] Stopped: Extensions
2026-02-16 01:37:13.902: [INFO][Sync] Stopped: Sessions
2026-02-16 01:37:13.902: [INFO][Sync] Stopped: Extension settings
2026-02-16 01:37:13.902: [INFO][Sync] Stopped: History Delete Directives
2026-02-16 01:37:13.902: [INFO][Sync] Stopped: Device Info
2026-02-16 01:37:13.902: [INFO][Sync] Stopped: User Consents
2026-02-16 01:37:13.902: [INFO][Sync] Stopped: Send Tab To Self
2026-02-16 01:37:13.902: [INFO][Sync] Stopped: Web Apps
2026-02-16 01:37:13.902: [INFO][Sync] Stopped: History
2026-02-16 01:37:13.902: [INFO][Sync] Stopped: Saved Tab Group
2026-02-16 01:37:13.902: [INFO][Sync] Stopped: WebAuthn Credentials
2026-02-16 01:37:13.902: [INFO][Sync] Stopped: Collection
2026-02-16 01:37:13.902: [INFO][Sync] Stopped: Edge E Drop
2026-02-16 01:37:13.902: [INFO][Sync] Stopped: Edge Hub App Usage
2026-02-16 01:37:13.902: [INFO][Sync] Stopped: Edge Wallet
2026-02-16 01:37:13.902: [INFO][Sync] Stopped: Edge Workspace
2026-02-16 01:38:45.078: [INFO][Sync] Reset engine, reason: 0
2026-02-16 01:52:44.691: [INFO][Sync] Reset engine, reason: 8
2026-02-16 01:52:44.691: [INFO][Sync] Stopped: Bookmarks
2026-02-16 01:52:44.691: [INFO][Sync] Stopped: Preferences
2026-02-16 01:52:44.691: [INFO][Sync] Stopped: Passwords
2026-02-16 01:52:44.691: [INFO][Sync] Stopped: Autofill Profiles
2026-02-16 01:52:44.691: [INFO][Sync] Stopped: Autofill
2026-02-16 01:52:44.691: [INFO][Sync] Stopped: Extensions
2026-02-16 01:52:44.691: [INFO][Sync] Stopped: Sessions
2026-02-16 01:52:44.691: [INFO][Sync] Stopped: Extension settings
2026-02-16 01:52:44.691: [INFO][Sync] Stopped: History Delete Directives
2026-02-16 01:52:44.691: [INFO][Sync] Stopped: Device Info
2026-02-16 01:52:44.691: [INFO][Sync] Stopped: User Consents
2026-02-16 01:52:44.691: [INFO][Sync] Stopped: Send Tab To Self
2026-02-16 01:52:44.691: [INFO][Sync] Stopped: Web Apps
2026-02-16 01:52:44.691: [INFO][Sync] Stopped: History
2026-02-16 01:52:44.691: [INFO][Sync] Stopped: Saved Tab Group
2026-02-16 01:52:44.691: [INFO][Sync] Stopped: WebAuthn Credentials
2026-02-16 01:52:44.691: [INFO][Sync] Stopped: Collection
2026-02-16 01:52:44.691: [INFO][Sync] Stopped: Edge E Drop
2026-02-16 01:52:44.691: [INFO][Sync] Stopped: Edge Hub App Usage
2026-02-16 01:52:44.691: [INFO][Sync] Stopped: Edge Wallet
2026-02-16 01:52:44.691: [INFO][Sync] Stopped: Edge Workspace
2026-02-16 01:52:44.691: [INFO][Sync] SyncState after authenticated was: NotSignedIn
2026-02-16 01:52:44.817: [INFO][Sync] Reset engine, reason: 8
2026-02-16 01:52:44.817: [INFO][Sync] Stopped: Bookmarks
2026-02-16 01:52:44.817: [INFO][Sync] Stopped: Preferences
2026-02-16 01:52:44.817: [INFO][Sync] Stopped: Passwords
2026-02-16 01:52:44.817: [INFO][Sync] Stopped: Autofill Profiles
2026-02-16 01:52:44.817: [INFO][Sync] Stopped: Autofill
2026-02-16 01:52:44.817: [INFO][Sync] Stopped: Extensions
2026-02-16 01:52:44.817: [INFO][Sync] Stopped: Sessions
2026-02-16 01:52:44.817: [INFO][Sync] Stopped: Extension settings
2026-02-16 01:52:44.817: [INFO][Sync] Stopped: History Delete Directives
2026-02-16 01:52:44.817: [INFO][Sync] Stopped: Device Info
2026-02-16 01:52:44.817: [INFO][Sync] Stopped: User Consents
2026-02-16 01:52:44.817: [INFO][Sync] Stopped: Send Tab To Self
2026-02-16 01:52:44.817: [INFO][Sync] Stopped: Web Apps
2026-02-16 01:52:44.817: [INFO][Sync] Stopped: History
2026-02-16 01:52:44.817: [INFO][Sync] Stopped: Saved Tab Group
2026-02-16 01:52:44.817: [INFO][Sync] Stopped: WebAuthn Credentials
2026-02-16 01:52:44.817: [INFO][Sync] Stopped: Collection
2026-02-16 01:52:44.817: [INFO][Sync] Stopped: Edge E Drop
2026-02-16 01:52:44.817: [INFO][Sync] Stopped: Edge Hub App Usage
2026-02-16 01:52:44.817: [INFO][Sync] Stopped: Edge Wallet
2026-02-16 01:52:44.817: [INFO][Sync] Stopped: Edge Workspace
2026-02-16 01:54:15.996: [INFO][Sync] Reset engine, reason: 0
2026-02-16 02:05:20.191: [INFO][Sync] Reset engine, reason: 8
2026-02-16 02:05:20.191: [INFO][Sync] Stopped: Bookmarks
2026-02-16 02:05:20.191: [INFO][Sync] Stopped: Preferences
2026-02-16 02:05:20.191: [INFO][Sync] Stopped: Passwords
2026-02-16 02:05:20.191: [INFO][Sync] Stopped: Autofill Profiles
2026-02-16 02:05:20.191: [INFO][Sync] Stopped: Autofill
2026-02-16 02:05:20.191: [INFO][Sync] Stopped: Extensions
2026-02-16 02:05:20.191: [INFO][Sync] Stopped: Sessions
2026-02-16 02:05:20.191: [INFO][Sync] Stopped: Extension settings
2026-02-16 02:05:20.192: [INFO][Sync] Stopped: History Delete Directives
2026-02-16 02:05:20.192: [INFO][Sync] Stopped: Device Info
2026-02-16 02:05:20.192: [INFO][Sync] Stopped: User Consents
2026-02-16 02:05:20.192: [INFO][Sync] Stopped: Send Tab To Self
2026-02-16 02:05:20.192: [INFO][Sync] Stopped: Web Apps
2026-02-16 02:05:20.192: [INFO][Sync] Stopped: History
2026-02-16 02:05:20.192: [INFO][Sync] Stopped: Saved Tab Group
2026-02-16 02:05:20.192: [INFO][Sync] Stopped: WebAuthn Credentials
2026-02-16 02:05:20.192: [INFO][Sync] Stopped: Collection
2026-02-16 02:05:20.192: [INFO][Sync] Stopped: Edge E Drop
2026-02-16 02:05:20.192: [INFO][Sync] Stopped: Edge Hub App Usage
2026-02-16 02:05:20.192: [INFO][Sync] Stopped: Edge Wallet
2026-02-16 02:05:20.192: [INFO][Sync] Stopped: Edge Workspace
2026-02-16 02:05:20.192: [INFO][Sync] SyncState after authenticated was: NotSignedIn
2026-02-16 02:05:20.316: [INFO][Sync] Reset engine, reason: 8
2026-02-16 02:05:20.316: [INFO][Sync] Stopped: Bookmarks
2026-02-16 02:05:20.316: [INFO][Sync] Stopped: Preferences
2026-02-16 02:05:20.316: [INFO][Sync] Stopped: Passwords
2026-02-16 02:05:20.316: [INFO][Sync] Stopped: Autofill Profiles
2026-02-16 02:05:20.316: [INFO][Sync] Stopped: Autofill
2026-02-16 02:05:20.316: [INFO][Sync] Stopped: Extensions
2026-02-16 02:05:20.316: [INFO][Sync] Stopped: Sessions
2026-02-16 02:05:20.316: [INFO][Sync] Stopped: Extension settings
2026-02-16 02:05:20.316: [INFO][Sync] Stopped: History Delete Directives
2026-02-16 02:05:20.316: [INFO][Sync] Stopped: Device Info
2026-02-16 02:05:20.316: [INFO][Sync] Stopped: User Consents
2026-02-16 02:05:20.316: [INFO][Sync] Stopped: Send Tab To Self
2026-02-16 02:05:20.316: [INFO][Sync] Stopped: Web Apps
2026-02-16 02:05:20.316: [INFO][Sync] Stopped: History
2026-02-16 02:05:20.316: [INFO][Sync] Stopped: Saved Tab Group
2026-02-16 02:05:20.316: [INFO][Sync] Stopped: WebAuthn Credentials
2026-02-16 02:05:20.316: [INFO][Sync] Stopped: Collection
2026-02-16 02:05:20.316: [INFO][Sync] Stopped: Edge E Drop
2026-02-16 02:05:20.316: [INFO][Sync] Stopped: Edge Hub App Usage
2026-02-16 02:05:20.316: [INFO][Sync] Stopped: Edge Wallet
2026-02-16 02:05:20.316: [INFO][Sync] Stopped: Edge Workspace
2026-02-16 02:06:51.437: [INFO][Sync] Reset engine, reason: 0
2026-02-16 02:13:54.144: [INFO][Sync] Reset engine, reason: 8
2026-02-16 02:13:54.144: [INFO][Sync] Stopped: Bookmarks
2026-02-16 02:13:54.144: [INFO][Sync] Stopped: Preferences
2026-02-16 02:13:54.144: [INFO][Sync] Stopped: Passwords
2026-02-16 02:13:54.144: [INFO][Sync] Stopped: Autofill Profiles
2026-02-16 02:13:54.144: [INFO][Sync] Stopped: Autofill
2026-02-16 02:13:54.144: [INFO][Sync] Stopped: Extensions
2026-02-16 02:13:54.144: [INFO][Sync] Stopped: Sessions
2026-02-16 02:13:54.144: [INFO][Sync] Stopped: Extension settings
2026-02-16 02:13:54.144: [INFO][Sync] Stopped: History Delete Directives
2026-02-16 02:13:54.144: [INFO][Sync] Stopped: Device Info
2026-02-16 02:13:54.144: [INFO][Sync] Stopped: User Consents
2026-02-16 02:13:54.144: [INFO][Sync] Stopped: Send Tab To Self
2026-02-16 02:13:54.144: [INFO][Sync] Stopped: Web Apps
2026-02-16 02:13:54.144: [INFO][Sync] Stopped: History
2026-02-16 02:13:54.144: [INFO][Sync] Stopped: Saved Tab Group
2026-02-16 02:13:54.144: [INFO][Sync] Stopped: WebAuthn Credentials
2026-02-16 02:13:54.144: [INFO][Sync] Stopped: Collection
2026-02-16 02:13:54.144: [INFO][Sync] Stopped: Edge E Drop
2026-02-16 02:13:54.144: [INFO][Sync] Stopped: Edge Hub App Usage
2026-02-16 02:13:54.144: [INFO][Sync] Stopped: Edge Wallet
2026-02-16 02:13:54.144: [INFO][Sync] Stopped: Edge Workspace
2026-02-16 02:13:54.145: [INFO][Sync] SyncState after authenticated was: NotSignedIn
2026-02-16 02:13:54.280: [INFO][Sync] Reset engine, reason: 8
2026-02-16 02:13:54.280: [INFO][Sync] Stopped: Bookmarks
2026-02-16 02:13:54.280: [INFO][Sync] Stopped: Preferences
2026-02-16 02:13:54.280: [INFO][Sync] Stopped: Passwords
2026-02-16 02:13:54.280: [INFO][Sync] Stopped: Autofill Profiles
2026-02-16 02:13:54.280: [INFO][Sync] Stopped: Autofill
2026-02-16 02:13:54.280: [INFO][Sync] Stopped: Extensions
2026-02-16 02:13:54.280: [INFO][Sync] Stopped: Sessions
2026-02-16 02:13:54.280: [INFO][Sync] Stopped: Extension settings
2026-02-16 02:13:54.280: [INFO][Sync] Stopped: History Delete Directives
2026-02-16 02:13:54.280: [INFO][Sync] Stopped: Device Info
2026-02-16 02:13:54.280: [INFO][Sync] Stopped: User Consents
2026-02-16 02:13:54.280: [INFO][Sync] Stopped: Send Tab To Self
2026-02-16 02:13:54.280: [INFO][Sync] Stopped: Web Apps
2026-02-16 02:13:54.280: [INFO][Sync] Stopped: History
2026-02-16 02:13:54.280: [INFO][Sync] Stopped: Saved Tab Group
2026-02-16 02:13:54.280: [INFO][Sync] Stopped: WebAuthn Credentials
2026-02-16 02:13:54.280: [INFO][Sync] Stopped: Collection
2026-02-16 02:13:54.280: [INFO][Sync] Stopped: Edge E Drop
2026-02-16 02:13:54.280: [INFO][Sync] Stopped: Edge Hub App Usage
2026-02-16 02:13:54.280: [INFO][Sync] Stopped: Edge Wallet
2026-02-16 02:13:54.280: [INFO][Sync] Stopped: Edge Workspace
2026-02-16 02:14:23.477: [INFO][Sync] Reset engine, reason: 0
2026-02-16 15:35:35.692: [INFO][Sync] Reset engine, reason: 8
2026-02-16 15:35:35.692: [INFO][Sync] Stopped: Bookmarks
2026-02-16 15:35:35.692: [INFO][Sync] Stopped: Preferences
2026-02-16 15:35:35.692: [INFO][Sync] Stopped: Passwords
2026-02-16 15:35:35.692: [INFO][Sync] Stopped: Autofill Profiles
2026-02-16 15:35:35.692: [INFO][Sync] Stopped: Autofill
2026-02-16 15:35:35.692: [INFO][Sync] Stopped: Extensions
2026-02-16 15:35:35.692: [INFO][Sync] Stopped: Sessions
2026-02-16 15:35:35.692: [INFO][Sync] Stopped: Extension settings
2026-02-16 15:35:35.692: [INFO][Sync] Stopped: History Delete Directives
2026-02-16 15:35:35.692: [INFO][Sync] Stopped: Device Info
2026-02-16 15:35:35.692: [INFO][Sync] Stopped: User Consents
2026-02-16 15:35:35.692: [INFO][Sync] Stopped: Send Tab To Self
2026-02-16 15:35:35.692: [INFO][Sync] Stopped: Web Apps
2026-02-16 15:35:35.692: [INFO][Sync] Stopped: History
2026-02-16 15:35:35.692: [INFO][Sync] Stopped: Saved Tab Group
2026-02-16 15:35:35.692: [INFO][Sync] Stopped: WebAuthn Credentials
2026-02-16 15:35:35.692: [INFO][Sync] Stopped: Collection
2026-02-16 15:35:35.692: [INFO][Sync] Stopped: Edge E Drop
2026-02-16 15:35:35.692: [INFO][Sync] Stopped: Edge Hub App Usage
2026-02-16 15:35:35.692: [INFO][Sync] Stopped: Edge Wallet
2026-02-16 15:35:35.692: [INFO][Sync] Stopped: Edge Workspace
2026-02-16 15:35:35.692: [INFO][Sync] SyncState after authenticated was: NotSignedIn
2026-02-16 15:35:35.818: [INFO][Sync] Reset engine, reason: 8
2026-02-16 15:35:35.818: [INFO][Sync] Stopped: Bookmarks
2026-02-16 15:35:35.818: [INFO][Sync] Stopped: Preferences
2026-02-16 15:35:35.818: [INFO][Sync] Stopped: Passwords
2026-02-16 15:35:35.818: [INFO][Sync] Stopped: Autofill Profiles
2026-02-16 15:35:35.818: [INFO][Sync] Stopped: Autofill
2026-02-16 15:35:35.818: [INFO][Sync] Stopped: Extensions
2026-02-16 15:35:35.818: [INFO][Sync] Stopped: Sessions
2026-02-16 15:35:35.818: [INFO][Sync] Stopped: Extension settings
2026-02-16 15:35:35.818: [INFO][Sync] Stopped: History Delete Directives
2026-02-16 15:35:35.818: [INFO][Sync] Stopped: Device Info
2026-02-16 15:35:35.818: [INFO][Sync] Stopped: User Consents
2026-02-16 15:35:35.818: [INFO][Sync] Stopped: Send Tab To Self
2026-02-16 15:35:35.818: [INFO][Sync] Stopped: Web Apps
2026-02-16 15:35:35.818: [INFO][Sync] Stopped: History
2026-02-16 15:35:35.818: [INFO][Sync] Stopped: Saved Tab Group
2026-02-16 15:35:35.818: [INFO][Sync] Stopped: WebAuthn Credentials
2026-02-16 15:35:35.818: [INFO][Sync] Stopped: Collection
2026-02-16 15:35:35.818: [INFO][Sync] Stopped: Edge E Drop
2026-02-16 15:35:35.818: [INFO][Sync] Stopped: Edge Hub App Usage
2026-02-16 15:35:35.818: [INFO][Sync] Stopped: Edge Wallet
2026-02-16 15:35:35.818: [INFO][Sync] Stopped: Edge Workspace
2026-02-16 15:36:02.955: [INFO][Sync] Reset engine, reason: 0
2026-02-16 16:09:11.503: [INFO][Sync] Reset engine, reason: 8
2026-02-16 16:09:11.503: [INFO][Sync] Stopped: Bookmarks
2026-02-16 16:09:11.503: [INFO][Sync] Stopped: Preferences
2026-02-16 16:09:11.503: [INFO][Sync] Stopped: Passwords
2026-02-16 16:09:11.503: [INFO][Sync] Stopped: Autofill Profiles
2026-02-16 16:09:11.503: [INFO][Sync] Stopped: Autofill
2026-02-16 16:09:11.503: [INFO][Sync] Stopped: Extensions
2026-02-16 16:09:11.503: [INFO][Sync] Stopped: Sessions
2026-02-16 16:09:11.503: [INFO][Sync] Stopped: Extension settings
2026-02-16 16:09:11.503: [INFO][Sync] Stopped: History Delete Directives
2026-02-16 16:09:11.503: [INFO][Sync] Stopped: Device Info
2026-02-16 16:09:11.503: [INFO][Sync] Stopped: User Consents
2026-02-16 16:09:11.503: [INFO][Sync] Stopped: Send Tab To Self
2026-02-16 16:09:11.503: [INFO][Sync] Stopped: Web Apps
2026-02-16 16:09:11.503: [INFO][Sync] Stopped: History
2026-02-16 16:09:11.503: [INFO][Sync] Stopped: Saved Tab Group
2026-02-16 16:09:11.503: [INFO][Sync] Stopped: WebAuthn Credentials
2026-02-16 16:09:11.503: [INFO][Sync] Stopped: Collection
2026-02-16 16:09:11.503: [INFO][Sync] Stopped: Edge E Drop
2026-02-16 16:09:11.503: [INFO][Sync] Stopped: Edge Hub App Usage
2026-02-16 16:09:11.503: [INFO][Sync] Stopped: Edge Wallet
2026-02-16 16:09:11.503: [INFO][Sync] Stopped: Edge Workspace
2026-02-16 16:09:11.503: [INFO][Sync] SyncState after authenticated was: NotSignedIn
2026-02-16 16:09:11.644: [INFO][Sync] Reset engine, reason: 8
2026-02-16 16:09:11.644: [INFO][Sync] Stopped: Bookmarks
2026-02-16 16:09:11.644: [INFO][Sync] Stopped: Preferences
2026-02-16 16:09:11.644: [INFO][Sync] Stopped: Passwords
2026-02-16 16:09:11.644: [INFO][Sync] Stopped: Autofill Profiles
2026-02-16 16:09:11.644: [INFO][Sync] Stopped: Autofill
2026-02-16 16:09:11.644: [INFO][Sync] Stopped: Extensions
2026-02-16 16:09:11.644: [INFO][Sync] Stopped: Sessions
2026-02-16 16:09:11.644: [INFO][Sync] Stopped: Extension settings
2026-02-16 16:09:11.644: [INFO][Sync] Stopped: History Delete Directives
2026-02-16 16:09:11.644: [INFO][Sync] Stopped: Device Info
2026-02-16 16:09:11.644: [INFO][Sync] Stopped: User Consents
2026-02-16 16:09:11.644: [INFO][Sync] Stopped: Send Tab To Self
2026-02-16 16:09:11.644: [INFO][Sync] Stopped: Web Apps
2026-02-16 16:09:11.644: [INFO][Sync] Stopped: History
2026-02-16 16:09:11.644: [INFO][Sync] Stopped: Saved Tab Group
2026-02-16 16:09:11.644: [INFO][Sync] Stopped: WebAuthn Credentials
2026-02-16 16:09:11.644: [INFO][Sync] Stopped: Collection
2026-02-16 16:09:11.644: [INFO][Sync] Stopped: Edge E Drop
2026-02-16 16:09:11.644: [INFO][Sync] Stopped: Edge Hub App Usage
2026-02-16 16:09:11.644: [INFO][Sync] Stopped: Edge Wallet
2026-02-16 16:09:11.644: [INFO][Sync] Stopped: Edge Workspace
2026-02-16 16:10:45.467: [INFO][Sync] Reset engine, reason: 0
2026-02-16 17:02:42.037: [INFO][Sync] Reset engine, reason: 8
2026-02-16 17:02:42.037: [INFO][Sync] Stopped: Bookmarks
2026-02-16 17:02:42.037: [INFO][Sync] Stopped: Preferences
2026-02-16 17:02:42.037: [INFO][Sync] Stopped: Passwords
2026-02-16 17:02:42.037: [INFO][Sync] Stopped: Autofill Profiles
2026-02-16 17:02:42.037: [INFO][Sync] Stopped: Autofill
2026-02-16 17:02:42.037: [INFO][Sync] Stopped: Extensions
2026-02-16 17:02:42.037: [INFO][Sync] Stopped: Sessions
2026-02-16 17:02:42.037: [INFO][Sync] Stopped: Extension settings
2026-02-16 17:02:42.037: [INFO][Sync] Stopped: History Delete Directives
2026-02-16 17:02:42.037: [INFO][Sync] Stopped: Device Info
2026-02-16 17:02:42.037: [INFO][Sync] Stopped: User Consents
2026-02-16 17:02:42.037: [INFO][Sync] Stopped: Send Tab To Self
2026-02-16 17:02:42.037: [INFO][Sync] Stopped: Web Apps
2026-02-16 17:02:42.037: [INFO][Sync] Stopped: History
2026-02-16 17:02:42.037: [INFO][Sync] Stopped: Saved Tab Group
2026-02-16 17:02:42.037: [INFO][Sync] Stopped: WebAuthn Credentials
2026-02-16 17:02:42.037: [INFO][Sync] Stopped: Collection
2026-02-16 17:02:42.037: [INFO][Sync] Stopped: Edge E Drop
2026-02-16 17:02:42.037: [INFO][Sync] Stopped: Edge Hub App Usage
2026-02-16 17:02:42.037: [INFO][Sync] Stopped: Edge Wallet
2026-02-16 17:02:42.037: [INFO][Sync] Stopped: Edge Workspace
2026-02-16 17:02:42.037: [INFO][Sync] SyncState after authenticated was: NotSignedIn
2026-02-16 17:02:42.175: [INFO][Sync] Reset engine, reason: 8
2026-02-16 17:02:42.175: [INFO][Sync] Stopped: Bookmarks
2026-02-16 17:02:42.175: [INFO][Sync] Stopped: Preferences
2026-02-16 17:02:42.175: [INFO][Sync] Stopped: Passwords
2026-02-16 17:02:42.175: [INFO][Sync] Stopped: Autofill Profiles
2026-02-16 17:02:42.175: [INFO][Sync] Stopped: Autofill
2026-02-16 17:02:42.175: [INFO][Sync] Stopped: Extensions
2026-02-16 17:02:42.175: [INFO][Sync] Stopped: Sessions
2026-02-16 17:02:42.175: [INFO][Sync] Stopped: Extension settings
2026-02-16 17:02:42.175: [INFO][Sync] Stopped: History Delete Directives
2026-02-16 17:02:42.175: [INFO][Sync] Stopped: Device Info
2026-02-16 17:02:42.175: [INFO][Sync] Stopped: User Consents
2026-02-16 17:02:42.175: [INFO][Sync] Stopped: Send Tab To Self
2026-02-16 17:02:42.175: [INFO][Sync] Stopped: Web Apps
2026-02-16 17:02:42.175: [INFO][Sync] Stopped: History
2026-02-16 17:02:42.175: [INFO][Sync] Stopped: Saved Tab Group
2026-02-16 17:02:42.175: [INFO][Sync] Stopped: WebAuthn Credentials
2026-02-16 17:02:42.175: [INFO][Sync] Stopped: Collection
2026-02-16 17:02:42.175: [INFO][Sync] Stopped: Edge E Drop
2026-02-16 17:02:42.175: [INFO][Sync] Stopped: Edge Hub App Usage
2026-02-16 17:02:42.175: [INFO][Sync] Stopped: Edge Wallet
2026-02-16 17:02:42.175: [INFO][Sync] Stopped: Edge Workspace
2026-02-16 17:04:26.610: [INFO][Sync] Reset engine, reason: 0
2026-02-16 17:04:29.557: [INFO][Sync] Reset engine, reason: 8
2026-02-16 17:04:29.557: [INFO][Sync] Stopped: Bookmarks
2026-02-16 17:04:29.557: [INFO][Sync] Stopped: Preferences
2026-02-16 17:04:29.557: [INFO][Sync] Stopped: Passwords
2026-02-16 17:04:29.557: [INFO][Sync] Stopped: Autofill Profiles
2026-02-16 17:04:29.557: [INFO][Sync] Stopped: Autofill
2026-02-16 17:04:29.557: [INFO][Sync] Stopped: Extensions
2026-02-16 17:04:29.557: [INFO][Sync] Stopped: Sessions
2026-02-16 17:04:29.557: [INFO][Sync] Stopped: Extension settings
2026-02-16 17:04:29.557: [INFO][Sync] Stopped: History Delete Directives
2026-02-16 17:04:29.557: [INFO][Sync] Stopped: Device Info
2026-02-16 17:04:29.557: [INFO][Sync] Stopped: User Consents
2026-02-16 17:04:29.557: [INFO][Sync] Stopped: Send Tab To Self
2026-02-16 17:04:29.557: [INFO][Sync] Stopped: Web Apps
2026-02-16 17:04:29.557: [INFO][Sync] Stopped: History
2026-02-16 17:04:29.557: [INFO][Sync] Stopped: Saved Tab Group
2026-02-16 17:04:29.557: [INFO][Sync] Stopped: WebAuthn Credentials
2026-02-16 17:04:29.557: [INFO][Sync] Stopped: Collection
2026-02-16 17:04:29.557: [INFO][Sync] Stopped: Edge E Drop
2026-02-16 17:04:29.557: [INFO][Sync] Stopped: Edge Hub App Usage
2026-02-16 17:04:29.557: [INFO][Sync] Stopped: Edge Wallet
2026-02-16 17:04:29.557: [INFO][Sync] Stopped: Edge Workspace
2026-02-16 17:04:29.557: [INFO][Sync] SyncState after authenticated was: NotSignedIn
2026-02-16 17:04:29.689: [INFO][Sync] Reset engine, reason: 8
2026-02-16 17:04:29.689: [INFO][Sync] Stopped: Bookmarks
2026-02-16 17:04:29.689: [INFO][Sync] Stopped: Preferences
2026-02-16 17:04:29.689: [INFO][Sync] Stopped: Passwords
2026-02-16 17:04:29.689: [INFO][Sync] Stopped: Autofill Profiles
2026-02-16 17:04:29.689: [INFO][Sync] Stopped: Autofill
2026-02-16 17:04:29.689: [INFO][Sync] Stopped: Extensions
2026-02-16 17:04:29.689: [INFO][Sync] Stopped: Sessions
2026-02-16 17:04:29.689: [INFO][Sync] Stopped: Extension settings
2026-02-16 17:04:29.689: [INFO][Sync] Stopped: History Delete Directives
2026-02-16 17:04:29.689: [INFO][Sync] Stopped: Device Info
2026-02-16 17:04:29.689: [INFO][Sync] Stopped: User Consents
2026-02-16 17:04:29.689: [INFO][Sync] Stopped: Send Tab To Self
2026-02-16 17:04:29.689: [INFO][Sync] Stopped: Web Apps
2026-02-16 17:04:29.689: [INFO][Sync] Stopped: History
2026-02-16 17:04:29.689: [INFO][Sync] Stopped: Saved Tab Group
2026-02-16 17:04:29.689: [INFO][Sync] Stopped: WebAuthn Credentials
2026-02-16 17:04:29.689: [INFO][Sync] Stopped: Collection
2026-02-16 17:04:29.689: [INFO][Sync] Stopped: Edge E Drop
2026-02-16 17:04:29.689: [INFO][Sync] Stopped: Edge Hub App Usage
2026-02-16 17:04:29.689: [INFO][Sync] Stopped: Edge Wallet
2026-02-16 17:04:29.689: [INFO][Sync] Stopped: Edge Workspace
2026-02-16 17:06:04.889: [INFO][Sync] Reset engine, reason: 0
2026-02-16 17:12:14.919: [INFO][Sync] Reset engine, reason: 8
2026-02-16 17:12:14.919: [INFO][Sync] Stopped: Bookmarks
2026-02-16 17:12:14.919: [INFO][Sync] Stopped: Preferences
2026-02-16 17:12:14.919: [INFO][Sync] Stopped: Passwords
2026-02-16 17:12:14.919: [INFO][Sync] Stopped: Autofill Profiles
2026-02-16 17:12:14.919: [INFO][Sync] Stopped: Autofill
2026-02-16 17:12:14.919: [INFO][Sync] Stopped: Extensions
2026-02-16 17:12:14.919: [INFO][Sync] Stopped: Sessions
2026-02-16 17:12:14.919: [INFO][Sync] Stopped: Extension settings
2026-02-16 17:12:14.919: [INFO][Sync] Stopped: History Delete Directives
2026-02-16 17:12:14.919: [INFO][Sync] Stopped: Device Info
2026-02-16 17:12:14.919: [INFO][Sync] Stopped: User Consents
2026-02-16 17:12:14.919: [INFO][Sync] Stopped: Send Tab To Self
2026-02-16 17:12:14.919: [INFO][Sync] Stopped: Web Apps
2026-02-16 17:12:14.919: [INFO][Sync] Stopped: History
2026-02-16 17:12:14.919: [INFO][Sync] Stopped: Saved Tab Group
2026-02-16 17:12:14.919: [INFO][Sync] Stopped: WebAuthn Credentials
2026-02-16 17:12:14.919: [INFO][Sync] Stopped: Collection
2026-02-16 17:12:14.919: [INFO][Sync] Stopped: Edge E Drop
2026-02-16 17:12:14.919: [INFO][Sync] Stopped: Edge Hub App Usage
2026-02-16 17:12:14.919: [INFO][Sync] Stopped: Edge Wallet
2026-02-16 17:12:14.919: [INFO][Sync] Stopped: Edge Workspace
2026-02-16 17:12:14.919: [INFO][Sync] SyncState after authenticated was: NotSignedIn
2026-02-16 17:12:15.049: [INFO][Sync] Reset engine, reason: 8
2026-02-16 17:12:15.049: [INFO][Sync] Stopped: Bookmarks
2026-02-16 17:12:15.050: [INFO][Sync] Stopped: Preferences
2026-02-16 17:12:15.050: [INFO][Sync] Stopped: Passwords
2026-02-16 17:12:15.050: [INFO][Sync] Stopped: Autofill Profiles
2026-02-16 17:12:15.050: [INFO][Sync] Stopped: Autofill
2026-02-16 17:12:15.050: [INFO][Sync] Stopped: Extensions
2026-02-16 17:12:15.050: [INFO][Sync] Stopped: Sessions
2026-02-16 17:12:15.050: [INFO][Sync] Stopped: Extension settings
2026-02-16 17:12:15.050: [INFO][Sync] Stopped: History Delete Directives
2026-02-16 17:12:15.050: [INFO][Sync] Stopped: Device Info
2026-02-16 17:12:15.050: [INFO][Sync] Stopped: User Consents
2026-02-16 17:12:15.050: [INFO][Sync] Stopped: Send Tab To Self
2026-02-16 17:12:15.050: [INFO][Sync] Stopped: Web Apps
2026-02-16 17:12:15.050: [INFO][Sync] Stopped: History
2026-02-16 17:12:15.050: [INFO][Sync] Stopped: Saved Tab Group
2026-02-16 17:12:15.050: [INFO][Sync] Stopped: WebAuthn Credentials
2026-02-16 17:12:15.050: [INFO][Sync] Stopped: Collection
2026-02-16 17:12:15.050: [INFO][Sync] Stopped: Edge E Drop
2026-02-16 17:12:15.050: [INFO][Sync] Stopped: Edge Hub App Usage
2026-02-16 17:12:15.050: [INFO][Sync] Stopped: Edge Wallet
2026-02-16 17:12:15.050: [INFO][Sync] Stopped: Edge Workspace
2026-02-16 17:14:46.366: [INFO][Sync] Reset engine, reason: 0
2026-02-16 17:26:09.553: [INFO][Sync] Reset engine, reason: 8
2026-02-16 17:26:09.553: [INFO][Sync] Stopped: Bookmarks
2026-02-16 17:26:09.553: [INFO][Sync] Stopped: Preferences
2026-02-16 17:26:09.553: [INFO][Sync] Stopped: Passwords
2026-02-16 17:26:09.553: [INFO][Sync] Stopped: Autofill Profiles
2026-02-16 17:26:09.553: [INFO][Sync] Stopped: Autofill
2026-02-16 17:26:09.553: [INFO][Sync] Stopped: Extensions
2026-02-16 17:26:09.553: [INFO][Sync] Stopped: Sessions
2026-02-16 17:26:09.553: [INFO][Sync] Stopped: Extension settings
2026-02-16 17:26:09.553: [INFO][Sync] Stopped: History Delete Directives
2026-02-16 17:26:09.553: [INFO][Sync] Stopped: Device Info
2026-02-16 17:26:09.553: [INFO][Sync] Stopped: User Consents
2026-02-16 17:26:09.553: [INFO][Sync] Stopped: Send Tab To Self
2026-02-16 17:26:09.553: [INFO][Sync] Stopped: Web Apps
2026-02-16 17:26:09.553: [INFO][Sync] Stopped: History
2026-02-16 17:26:09.553: [INFO][Sync] Stopped: Saved Tab Group
2026-02-16 17:26:09.553: [INFO][Sync] Stopped: WebAuthn Credentials
2026-02-16 17:26:09.553: [INFO][Sync] Stopped: Collection
2026-02-16 17:26:09.553: [INFO][Sync] Stopped: Edge E Drop
2026-02-16 17:26:09.553: [INFO][Sync] Stopped: Edge Hub App Usage
2026-02-16 17:26:09.553: [INFO][Sync] Stopped: Edge Wallet
2026-02-16 17:26:09.553: [INFO][Sync] Stopped: Edge Workspace
2026-02-16 17:26:09.553: [INFO][Sync] SyncState after authenticated was: NotSignedIn
2026-02-16 17:26:09.675: [INFO][Sync] Reset engine, reason: 8
2026-02-16 17:26:09.675: [INFO][Sync] Stopped: Bookmarks
2026-02-16 17:26:09.675: [INFO][Sync] Stopped: Preferences
2026-02-16 17:26:09.675: [INFO][Sync] Stopped: Passwords
2026-02-16 17:26:09.675: [INFO][Sync] Stopped: Autofill Profiles
2026-02-16 17:26:09.675: [INFO][Sync] Stopped: Autofill
2026-02-16 17:26:09.675: [INFO][Sync] Stopped: Extensions
2026-02-16 17:26:09.675: [INFO][Sync] Stopped: Sessions
2026-02-16 17:26:09.675: [INFO][Sync] Stopped: Extension settings
2026-02-16 17:26:09.675: [INFO][Sync] Stopped: History Delete Directives
2026-02-16 17:26:09.675: [INFO][Sync] Stopped: Device Info
2026-02-16 17:26:09.675: [INFO][Sync] Stopped: User Consents
2026-02-16 17:26:09.675: [INFO][Sync] Stopped: Send Tab To Self
2026-02-16 17:26:09.675: [INFO][Sync] Stopped: Web Apps
2026-02-16 17:26:09.675: [INFO][Sync] Stopped: History
2026-02-16 17:26:09.675: [INFO][Sync] Stopped: Saved Tab Group
2026-02-16 17:26:09.675: [INFO][Sync] Stopped: WebAuthn Credentials
2026-02-16 17:26:09.675: [INFO][Sync] Stopped: Collection
2026-02-16 17:26:09.675: [INFO][Sync] Stopped: Edge E Drop
2026-02-16 17:26:09.675: [INFO][Sync] Stopped: Edge Hub App Usage
2026-02-16 17:26:09.675: [INFO][Sync] Stopped: Edge Wallet
2026-02-16 17:26:09.675: [INFO][Sync] Stopped: Edge Workspace
2026-02-16 17:28:43.564: [INFO][Sync] Reset engine, reason: 0
2026-02-16 17:35:45.102: [INFO][Sync] Reset engine, reason: 8
2026-02-16 17:35:45.102: [INFO][Sync] Stopped: Bookmarks
2026-02-16 17:35:45.102: [INFO][Sync] Stopped: Preferences
2026-02-16 17:35:45.102: [INFO][Sync] Stopped: Passwords
2026-02-16 17:35:45.102: [INFO][Sync] Stopped: Autofill Profiles
2026-02-16 17:35:45.102: [INFO][Sync] Stopped: Autofill
2026-02-16 17:35:45.102: [INFO][Sync] Stopped: Extensions
2026-02-16 17:35:45.102: [INFO][Sync] Stopped: Sessions
2026-02-16 17:35:45.102: [INFO][Sync] Stopped: Extension settings
2026-02-16 17:35:45.102: [INFO][Sync] Stopped: History Delete Directives
2026-02-16 17:35:45.102: [INFO][Sync] Stopped: Device Info
2026-02-16 17:35:45.102: [INFO][Sync] Stopped: User Consents
2026-02-16 17:35:45.102: [INFO][Sync] Stopped: Send Tab To Self
2026-02-16 17:35:45.102: [INFO][Sync] Stopped: Web Apps
2026-02-16 17:35:45.102: [INFO][Sync] Stopped: History
2026-02-16 17:35:45.102: [INFO][Sync] Stopped: Saved Tab Group
2026-02-16 17:35:45.102: [INFO][Sync] Stopped: WebAuthn Credentials
2026-02-16 17:35:45.102: [INFO][Sync] Stopped: Collection
2026-02-16 17:35:45.102: [INFO][Sync] Stopped: Edge E Drop
2026-02-16 17:35:45.102: [INFO][Sync] Stopped: Edge Hub App Usage
2026-02-16 17:35:45.102: [INFO][Sync] Stopped: Edge Wallet
2026-02-16 17:35:45.102: [INFO][Sync] Stopped: Edge Workspace
2026-02-16 17:35:45.102: [INFO][Sync] SyncState after authenticated was: NotSignedIn
2026-02-16 17:35:45.410: [INFO][Sync] Reset engine, reason: 8
2026-02-16 17:35:45.410: [INFO][Sync] Stopped: Bookmarks
2026-02-16 17:35:45.410: [INFO][Sync] Stopped: Preferences
2026-02-16 17:35:45.410: [INFO][Sync] Stopped: Passwords
2026-02-16 17:35:45.410: [INFO][Sync] Stopped: Autofill Profiles
2026-02-16 17:35:45.410: [INFO][Sync] Stopped: Autofill
2026-02-16 17:35:45.410: [INFO][Sync] Stopped: Extensions
2026-02-16 17:35:45.410: [INFO][Sync] Stopped: Sessions
2026-02-16 17:35:45.410: [INFO][Sync] Stopped: Extension settings
2026-02-16 17:35:45.410: [INFO][Sync] Stopped: History Delete Directives
2026-02-16 17:35:45.410: [INFO][Sync] Stopped: Device Info
2026-02-16 17:35:45.410: [INFO][Sync] Stopped: User Consents
2026-02-16 17:35:45.410: [INFO][Sync] Stopped: Send Tab To Self
2026-02-16 17:35:45.410: [INFO][Sync] Stopped: Web Apps
2026-02-16 17:35:45.410: [INFO][Sync] Stopped: History
2026-02-16 17:35:45.410: [INFO][Sync] Stopped: Saved Tab Group
2026-02-16 17:35:45.410: [INFO][Sync] Stopped: WebAuthn Credentials
2026-02-16 17:35:45.410: [INFO][Sync] Stopped: Collection
2026-02-16 17:35:45.410: [INFO][Sync] Stopped: Edge E Drop
2026-02-16 17:35:45.410: [INFO][Sync] Stopped: Edge Hub App Usage
2026-02-16 17:35:45.410: [INFO][Sync] Stopped: Edge Wallet
2026-02-16 17:35:45.410: [INFO][Sync] Stopped: Edge Workspace
2026-02-16 17:38:33.577: [INFO][Sync] Reset engine, reason: 0
2026-02-16 17:42:08.895: [INFO][Sync] Reset engine, reason: 8
2026-02-16 17:42:08.895: [INFO][Sync] Stopped: Bookmarks
2026-02-16 17:42:08.895: [INFO][Sync] Stopped: Preferences
2026-02-16 17:42:08.895: [INFO][Sync] Stopped: Passwords
2026-02-16 17:42:08.895: [INFO][Sync] Stopped: Autofill Profiles
2026-02-16 17:42:08.895: [INFO][Sync] Stopped: Autofill
2026-02-16 17:42:08.895: [INFO][Sync] Stopped: Extensions
2026-02-16 17:42:08.895: [INFO][Sync] Stopped: Sessions
2026-02-16 17:42:08.895: [INFO][Sync] Stopped: Extension settings
2026-02-16 17:42:08.895: [INFO][Sync] Stopped: History Delete Directives
2026-02-16 17:42:08.895: [INFO][Sync] Stopped: Device Info
2026-02-16 17:42:08.895: [INFO][Sync] Stopped: User Consents
2026-02-16 17:42:08.895: [INFO][Sync] Stopped: Send Tab To Self
2026-02-16 17:42:08.895: [INFO][Sync] Stopped: Web Apps
2026-02-16 17:42:08.895: [INFO][Sync] Stopped: History
2026-02-16 17:42:08.895: [INFO][Sync] Stopped: Saved Tab Group
2026-02-16 17:42:08.895: [INFO][Sync] Stopped: WebAuthn Credentials
2026-02-16 17:42:08.895: [INFO][Sync] Stopped: Collection
2026-02-16 17:42:08.895: [INFO][Sync] Stopped: Edge E Drop
2026-02-16 17:42:08.895: [INFO][Sync] Stopped: Edge Hub App Usage
2026-02-16 17:42:08.895: [INFO][Sync] Stopped: Edge Wallet
2026-02-16 17:42:08.895: [INFO][Sync] Stopped: Edge Workspace
2026-02-16 17:42:08.895: [INFO][Sync] SyncState after authenticated was: NotSignedIn
2026-02-16 17:42:09.017: [INFO][Sync] Reset engine, reason: 8
2026-02-16 17:42:09.017: [INFO][Sync] Stopped: Bookmarks
2026-02-16 17:42:09.017: [INFO][Sync] Stopped: Preferences
2026-02-16 17:42:09.017: [INFO][Sync] Stopped: Passwords
2026-02-16 17:42:09.017: [INFO][Sync] Stopped: Autofill Profiles
2026-02-16 17:42:09.017: [INFO][Sync] Stopped: Autofill
2026-02-16 17:42:09.017: [INFO][Sync] Stopped: Extensions
2026-02-16 17:42:09.017: [INFO][Sync] Stopped: Sessions
2026-02-16 17:42:09.017: [INFO][Sync] Stopped: Extension settings
2026-02-16 17:42:09.017: [INFO][Sync] Stopped: History Delete Directives
2026-02-16 17:42:09.017: [INFO][Sync] Stopped: Device Info
2026-02-16 17:42:09.017: [INFO][Sync] Stopped: User Consents
2026-02-16 17:42:09.017: [INFO][Sync] Stopped: Send Tab To Self
2026-02-16 17:42:09.017: [INFO][Sync] Stopped: Web Apps
2026-02-16 17:42:09.017: [INFO][Sync] Stopped: History
2026-02-16 17:42:09.017: [INFO][Sync] Stopped: Saved Tab Group
2026-02-16 17:42:09.017: [INFO][Sync] Stopped: WebAuthn Credentials
2026-02-16 17:42:09.017: [INFO][Sync] Stopped: Collection
2026-02-16 17:42:09.017: [INFO][Sync] Stopped: Edge E Drop
2026-02-16 17:42:09.017: [INFO][Sync] Stopped: Edge Hub App Usage
2026-02-16 17:42:09.017: [INFO][Sync] Stopped: Edge Wallet
2026-02-16 17:42:09.017: [INFO][Sync] Stopped: Edge Workspace
2026-02-16 17:44:36.881: [INFO][Sync] Reset engine, reason: 0
2026-02-16 17:51:18.199: [INFO][Sync] Reset engine, reason: 8
2026-02-16 17:51:18.199: [INFO][Sync] Stopped: Bookmarks
2026-02-16 17:51:18.199: [INFO][Sync] Stopped: Preferences
2026-02-16 17:51:18.199: [INFO][Sync] Stopped: Passwords
2026-02-16 17:51:18.199: [INFO][Sync] Stopped: Autofill Profiles
2026-02-16 17:51:18.199: [INFO][Sync] Stopped: Autofill
2026-02-16 17:51:18.199: [INFO][Sync] Stopped: Extensions
2026-02-16 17:51:18.199: [INFO][Sync] Stopped: Sessions
2026-02-16 17:51:18.199: [INFO][Sync] Stopped: Extension settings
2026-02-16 17:51:18.199: [INFO][Sync] Stopped: History Delete Directives
2026-02-16 17:51:18.199: [INFO][Sync] Stopped: Device Info
2026-02-16 17:51:18.199: [INFO][Sync] Stopped: User Consents
2026-02-16 17:51:18.199: [INFO][Sync] Stopped: Send Tab To Self
2026-02-16 17:51:18.199: [INFO][Sync] Stopped: Web Apps
2026-02-16 17:51:18.199: [INFO][Sync] Stopped: History
2026-02-16 17:51:18.199: [INFO][Sync] Stopped: Saved Tab Group
2026-02-16 17:51:18.199: [INFO][Sync] Stopped: WebAuthn Credentials
2026-02-16 17:51:18.199: [INFO][Sync] Stopped: Collection
2026-02-16 17:51:18.199: [INFO][Sync] Stopped: Edge E Drop
2026-02-16 17:51:18.199: [INFO][Sync] Stopped: Edge Hub App Usage
2026-02-16 17:51:18.199: [INFO][Sync] Stopped: Edge Wallet
2026-02-16 17:51:18.199: [INFO][Sync] Stopped: Edge Workspace
2026-02-16 17:51:18.199: [INFO][Sync] SyncState after authenticated was: NotSignedIn
2026-02-16 17:51:18.316: [INFO][Sync] Reset engine, reason: 8
2026-02-16 17:51:18.316: [INFO][Sync] Stopped: Bookmarks
2026-02-16 17:51:18.316: [INFO][Sync] Stopped: Preferences
2026-02-16 17:51:18.316: [INFO][Sync] Stopped: Passwords
2026-02-16 17:51:18.316: [INFO][Sync] Stopped: Autofill Profiles
2026-02-16 17:51:18.316: [INFO][Sync] Stopped: Autofill
2026-02-16 17:51:18.316: [INFO][Sync] Stopped: Extensions
2026-02-16 17:51:18.316: [INFO][Sync] Stopped: Sessions
2026-02-16 17:51:18.316: [INFO][Sync] Stopped: Extension settings
2026-02-16 17:51:18.316: [INFO][Sync] Stopped: History Delete Directives
2026-02-16 17:51:18.316: [INFO][Sync] Stopped: Device Info
2026-02-16 17:51:18.316: [INFO][Sync] Stopped: User Consents
2026-02-16 17:51:18.316: [INFO][Sync] Stopped: Send Tab To Self
2026-02-16 17:51:18.316: [INFO][Sync] Stopped: Web Apps
2026-02-16 17:51:18.316: [INFO][Sync] Stopped: History
2026-02-16 17:51:18.316: [INFO][Sync] Stopped: Saved Tab Group
2026-02-16 17:51:18.316: [INFO][Sync] Stopped: WebAuthn Credentials
2026-02-16 17:51:18.316: [INFO][Sync] Stopped: Collection
2026-02-16 17:51:18.316: [INFO][Sync] Stopped: Edge E Drop
2026-02-16 17:51:18.316: [INFO][Sync] Stopped: Edge Hub App Usage
2026-02-16 17:51:18.316: [INFO][Sync] Stopped: Edge Wallet
2026-02-16 17:51:18.316: [INFO][Sync] Stopped: Edge Workspace
2026-02-16 17:53:21.801: [INFO][Sync] Reset engine, reason: 0
2026-02-16 18:02:42.507: [INFO][Sync] Reset engine, reason: 8
2026-02-16 18:02:42.507: [INFO][Sync] Stopped: Bookmarks
2026-02-16 18:02:42.507: [INFO][Sync] Stopped: Preferences
2026-02-16 18:02:42.507: [INFO][Sync] Stopped: Passwords
2026-02-16 18:02:42.507: [INFO][Sync] Stopped: Autofill Profiles
2026-02-16 18:02:42.507: [INFO][Sync] Stopped: Autofill
2026-02-16 18:02:42.507: [INFO][Sync] Stopped: Extensions
2026-02-16 18:02:42.507: [INFO][Sync] Stopped: Sessions
2026-02-16 18:02:42.507: [INFO][Sync] Stopped: Extension settings
2026-02-16 18:02:42.507: [INFO][Sync] Stopped: History Delete Directives
2026-02-16 18:02:42.507: [INFO][Sync] Stopped: Device Info
2026-02-16 18:02:42.507: [INFO][Sync] Stopped: User Consents
2026-02-16 18:02:42.507: [INFO][Sync] Stopped: Send Tab To Self
2026-02-16 18:02:42.507: [INFO][Sync] Stopped: Web Apps
2026-02-16 18:02:42.507: [INFO][Sync] Stopped: History
2026-02-16 18:02:42.507: [INFO][Sync] Stopped: Saved Tab Group
2026-02-16 18:02:42.507: [INFO][Sync] Stopped: WebAuthn Credentials
2026-02-16 18:02:42.507: [INFO][Sync] Stopped: Collection
2026-02-16 18:02:42.507: [INFO][Sync] Stopped: Edge E Drop
2026-02-16 18:02:42.507: [INFO][Sync] Stopped: Edge Hub App Usage
2026-02-16 18:02:42.507: [INFO][Sync] Stopped: Edge Wallet
2026-02-16 18:02:42.507: [INFO][Sync] Stopped: Edge Workspace
2026-02-16 18:02:42.507: [INFO][Sync] SyncState after authenticated was: NotSignedIn
2026-02-16 18:02:42.632: [INFO][Sync] Reset engine, reason: 8
2026-02-16 18:02:42.632: [INFO][Sync] Stopped: Bookmarks
2026-02-16 18:02:42.632: [INFO][Sync] Stopped: Preferences
2026-02-16 18:02:42.632: [INFO][Sync] Stopped: Passwords
2026-02-16 18:02:42.632: [INFO][Sync] Stopped: Autofill Profiles
2026-02-16 18:02:42.632: [INFO][Sync] Stopped: Autofill
2026-02-16 18:02:42.632: [INFO][Sync] Stopped: Extensions
2026-02-16 18:02:42.632: [INFO][Sync] Stopped: Sessions
2026-02-16 18:02:42.633: [INFO][Sync] Stopped: Extension settings
2026-02-16 18:02:42.633: [INFO][Sync] Stopped: History Delete Directives
2026-02-16 18:02:42.633: [INFO][Sync] Stopped: Device Info
2026-02-16 18:02:42.633: [INFO][Sync] Stopped: User Consents
2026-02-16 18:02:42.633: [INFO][Sync] Stopped: Send Tab To Self
2026-02-16 18:02:42.633: [INFO][Sync] Stopped: Web Apps
2026-02-16 18:02:42.633: [INFO][Sync] Stopped: History
2026-02-16 18:02:42.633: [INFO][Sync] Stopped: Saved Tab Group
2026-02-16 18:02:42.633: [INFO][Sync] Stopped: WebAuthn Credentials
2026-02-16 18:02:42.633: [INFO][Sync] Stopped: Collection
2026-02-16 18:02:42.633: [INFO][Sync] Stopped: Edge E Drop
2026-02-16 18:02:42.633: [INFO][Sync] Stopped: Edge Hub App Usage
2026-02-16 18:02:42.633: [INFO][Sync] Stopped: Edge Wallet
2026-02-16 18:02:42.633: [INFO][Sync] Stopped: Edge Workspace
2026-02-16 18:04:08.114: [INFO][Sync] Reset engine, reason: 0
2026-02-16 18:04:22.856: [INFO][Sync] Reset engine, reason: 8
2026-02-16 18:04:22.856: [INFO][Sync] Stopped: Bookmarks
2026-02-16 18:04:22.856: [INFO][Sync] Stopped: Preferences
2026-02-16 18:04:22.856: [INFO][Sync] Stopped: Passwords
2026-02-16 18:04:22.856: [INFO][Sync] Stopped: Autofill Profiles
2026-02-16 18:04:22.856: [INFO][Sync] Stopped: Autofill
2026-02-16 18:04:22.856: [INFO][Sync] Stopped: Extensions
2026-02-16 18:04:22.856: [INFO][Sync] Stopped: Sessions
2026-02-16 18:04:22.856: [INFO][Sync] Stopped: Extension settings
2026-02-16 18:04:22.856: [INFO][Sync] Stopped: History Delete Directives
2026-02-16 18:04:22.856: [INFO][Sync] Stopped: Device Info
2026-02-16 18:04:22.856: [INFO][Sync] Stopped: User Consents
2026-02-16 18:04:22.856: [INFO][Sync] Stopped: Send Tab To Self
2026-02-16 18:04:22.856: [INFO][Sync] Stopped: Web Apps
2026-02-16 18:04:22.856: [INFO][Sync] Stopped: History
2026-02-16 18:04:22.856: [INFO][Sync] Stopped: Saved Tab Group
2026-02-16 18:04:22.856: [INFO][Sync] Stopped: WebAuthn Credentials
2026-02-16 18:04:22.856: [INFO][Sync] Stopped: Collection
2026-02-16 18:04:22.856: [INFO][Sync] Stopped: Edge E Drop
2026-02-16 18:04:22.856: [INFO][Sync] Stopped: Edge Hub App Usage
2026-02-16 18:04:22.856: [INFO][Sync] Stopped: Edge Wallet
2026-02-16 18:04:22.856: [INFO][Sync] Stopped: Edge Workspace
2026-02-16 18:04:22.856: [INFO][Sync] SyncState after authenticated was: NotSignedIn
2026-02-16 18:04:22.981: [INFO][Sync] Reset engine, reason: 8
2026-02-16 18:04:22.981: [INFO][Sync] Stopped: Bookmarks
2026-02-16 18:04:22.981: [INFO][Sync] Stopped: Preferences
2026-02-16 18:04:22.981: [INFO][Sync] Stopped: Passwords
2026-02-16 18:04:22.981: [INFO][Sync] Stopped: Autofill Profiles
2026-02-16 18:04:22.981: [INFO][Sync] Stopped: Autofill
2026-02-16 18:04:22.981: [INFO][Sync] Stopped: Extensions
2026-02-16 18:04:22.982: [INFO][Sync] Stopped: Sessions
2026-02-16 18:04:22.982: [INFO][Sync] Stopped: Extension settings
2026-02-16 18:04:22.982: [INFO][Sync] Stopped: History Delete Directives
2026-02-16 18:04:22.982: [INFO][Sync] Stopped: Device Info
2026-02-16 18:04:22.982: [INFO][Sync] Stopped: User Consents
2026-02-16 18:04:22.982: [INFO][Sync] Stopped: Send Tab To Self
2026-02-16 18:04:22.982: [INFO][Sync] Stopped: Web Apps
2026-02-16 18:04:22.982: [INFO][Sync] Stopped: History
2026-02-16 18:04:22.982: [INFO][Sync] Stopped: Saved Tab Group
2026-02-16 18:04:22.982: [INFO][Sync] Stopped: WebAuthn Credentials
2026-02-16 18:04:22.982: [INFO][Sync] Stopped: Collection
2026-02-16 18:04:22.982: [INFO][Sync] Stopped: Edge E Drop
2026-02-16 18:04:22.982: [INFO][Sync] Stopped: Edge Hub App Usage
2026-02-16 18:04:22.982: [INFO][Sync] Stopped: Edge Wallet
2026-02-16 18:04:22.982: [INFO][Sync] Stopped: Edge Workspace
2026-02-16 18:05:48.434: [INFO][Sync] Reset engine, reason: 0
2026-02-16 18:11:02.080: [INFO][Sync] Reset engine, reason: 8
2026-02-16 18:11:02.080: [INFO][Sync] Stopped: Bookmarks
2026-02-16 18:11:02.080: [INFO][Sync] Stopped: Preferences
2026-02-16 18:11:02.080: [INFO][Sync] Stopped: Passwords
2026-02-16 18:11:02.080: [INFO][Sync] Stopped: Autofill Profiles
2026-02-16 18:11:02.080: [INFO][Sync] Stopped: Autofill
2026-02-16 18:11:02.080: [INFO][Sync] Stopped: Extensions
2026-02-16 18:11:02.080: [INFO][Sync] Stopped: Sessions
2026-02-16 18:11:02.080: [INFO][Sync] Stopped: Extension settings
2026-02-16 18:11:02.080: [INFO][Sync] Stopped: History Delete Directives
2026-02-16 18:11:02.080: [INFO][Sync] Stopped: Device Info
2026-02-16 18:11:02.080: [INFO][Sync] Stopped: User Consents
2026-02-16 18:11:02.080: [INFO][Sync] Stopped: Send Tab To Self
2026-02-16 18:11:02.080: [INFO][Sync] Stopped: Web Apps
2026-02-16 18:11:02.080: [INFO][Sync] Stopped: History
2026-02-16 18:11:02.080: [INFO][Sync] Stopped: Saved Tab Group
2026-02-16 18:11:02.080: [INFO][Sync] Stopped: WebAuthn Credentials
2026-02-16 18:11:02.080: [INFO][Sync] Stopped: Collection
2026-02-16 18:11:02.080: [INFO][Sync] Stopped: Edge E Drop
2026-02-16 18:11:02.080: [INFO][Sync] Stopped: Edge Hub App Usage
2026-02-16 18:11:02.080: [INFO][Sync] Stopped: Edge Wallet
2026-02-16 18:11:02.080: [INFO][Sync] Stopped: Edge Workspace
2026-02-16 18:11:02.080: [INFO][Sync] SyncState after authenticated was: NotSignedIn
2026-02-16 18:11:02.197: [INFO][Sync] Reset engine, reason: 8
2026-02-16 18:11:02.197: [INFO][Sync] Stopped: Bookmarks
2026-02-16 18:11:02.197: [INFO][Sync] Stopped: Preferences
2026-02-16 18:11:02.197: [INFO][Sync] Stopped: Passwords
2026-02-16 18:11:02.197: [INFO][Sync] Stopped: Autofill Profiles
2026-02-16 18:11:02.197: [INFO][Sync] Stopped: Autofill
2026-02-16 18:11:02.198: [INFO][Sync] Stopped: Extensions
2026-02-16 18:11:02.198: [INFO][Sync] Stopped: Sessions
2026-02-16 18:11:02.198: [INFO][Sync] Stopped: Extension settings
2026-02-16 18:11:02.198: [INFO][Sync] Stopped: History Delete Directives
2026-02-16 18:11:02.198: [INFO][Sync] Stopped: Device Info
2026-02-16 18:11:02.198: [INFO][Sync] Stopped: User Consents
2026-02-16 18:11:02.198: [INFO][Sync] Stopped: Send Tab To Self
2026-02-16 18:11:02.198: [INFO][Sync] Stopped: Web Apps
2026-02-16 18:11:02.198: [INFO][Sync] Stopped: History
2026-02-16 18:11:02.198: [INFO][Sync] Stopped: Saved Tab Group
2026-02-16 18:11:02.198: [INFO][Sync] Stopped: WebAuthn Credentials
2026-02-16 18:11:02.198: [INFO][Sync] Stopped: Collection
2026-02-16 18:11:02.198: [INFO][Sync] Stopped: Edge E Drop
2026-02-16 18:11:02.198: [INFO][Sync] Stopped: Edge Hub App Usage
2026-02-16 18:11:02.198: [INFO][Sync] Stopped: Edge Wallet
2026-02-16 18:11:02.198: [INFO][Sync] Stopped: Edge Workspace
2026-02-16 18:11:13.178: [INFO][Sync] Reset engine, reason: 0
2026-02-16 18:20:23.155: [INFO][Sync] Reset engine, reason: 8
2026-02-16 18:20:23.155: [INFO][Sync] Stopped: Bookmarks
2026-02-16 18:20:23.155: [INFO][Sync] Stopped: Preferences
2026-02-16 18:20:23.155: [INFO][Sync] Stopped: Passwords
2026-02-16 18:20:23.155: [INFO][Sync] Stopped: Autofill Profiles
2026-02-16 18:20:23.155: [INFO][Sync] Stopped: Autofill
2026-02-16 18:20:23.155: [INFO][Sync] Stopped: Extensions
2026-02-16 18:20:23.155: [INFO][Sync] Stopped: Sessions
2026-02-16 18:20:23.155: [INFO][Sync] Stopped: Extension settings
2026-02-16 18:20:23.155: [INFO][Sync] Stopped: History Delete Directives
2026-02-16 18:20:23.155: [INFO][Sync] Stopped: Device Info
2026-02-16 18:20:23.155: [INFO][Sync] Stopped: User Consents
2026-02-16 18:20:23.155: [INFO][Sync] Stopped: Send Tab To Self
2026-02-16 18:20:23.155: [INFO][Sync] Stopped: Web Apps
2026-02-16 18:20:23.155: [INFO][Sync] Stopped: History
2026-02-16 18:20:23.155: [INFO][Sync] Stopped: Saved Tab Group
2026-02-16 18:20:23.155: [INFO][Sync] Stopped: WebAuthn Credentials
2026-02-16 18:20:23.155: [INFO][Sync] Stopped: Collection
2026-02-16 18:20:23.155: [INFO][Sync] Stopped: Edge E Drop
2026-02-16 18:20:23.155: [INFO][Sync] Stopped: Edge Hub App Usage
2026-02-16 18:20:23.155: [INFO][Sync] Stopped: Edge Wallet
2026-02-16 18:20:23.155: [INFO][Sync] Stopped: Edge Workspace
2026-02-16 18:20:23.155: [INFO][Sync] SyncState after authenticated was: NotSignedIn
2026-02-16 18:20:23.287: [INFO][Sync] Reset engine, reason: 8
2026-02-16 18:20:23.287: [INFO][Sync] Stopped: Bookmarks
2026-02-16 18:20:23.287: [INFO][Sync] Stopped: Preferences
2026-02-16 18:20:23.287: [INFO][Sync] Stopped: Passwords
2026-02-16 18:20:23.287: [INFO][Sync] Stopped: Autofill Profiles
2026-02-16 18:20:23.287: [INFO][Sync] Stopped: Autofill
2026-02-16 18:20:23.287: [INFO][Sync] Stopped: Extensions
2026-02-16 18:20:23.287: [INFO][Sync] Stopped: Sessions
2026-02-16 18:20:23.287: [INFO][Sync] Stopped: Extension settings
2026-02-16 18:20:23.287: [INFO][Sync] Stopped: History Delete Directives
2026-02-16 18:20:23.287: [INFO][Sync] Stopped: Device Info
2026-02-16 18:20:23.287: [INFO][Sync] Stopped: User Consents
2026-02-16 18:20:23.287: [INFO][Sync] Stopped: Send Tab To Self
2026-02-16 18:20:23.287: [INFO][Sync] Stopped: Web Apps
2026-02-16 18:20:23.287: [INFO][Sync] Stopped: History
2026-02-16 18:20:23.287: [INFO][Sync] Stopped: Saved Tab Group
2026-02-16 18:20:23.287: [INFO][Sync] Stopped: WebAuthn Credentials
2026-02-16 18:20:23.287: [INFO][Sync] Stopped: Collection
2026-02-16 18:20:23.287: [INFO][Sync] Stopped: Edge E Drop
2026-02-16 18:20:23.287: [INFO][Sync] Stopped: Edge Hub App Usage
2026-02-16 18:20:23.287: [INFO][Sync] Stopped: Edge Wallet
2026-02-16 18:20:23.287: [INFO][Sync] Stopped: Edge Workspace
2026-02-16 18:21:04.670: [INFO][Sync] Reset engine, reason: 0
2026-02-16 18:40:42.965: [INFO][Sync] Reset engine, reason: 8
2026-02-16 18:40:42.965: [INFO][Sync] Stopped: Bookmarks
2026-02-16 18:40:42.965: [INFO][Sync] Stopped: Preferences
2026-02-16 18:40:42.965: [INFO][Sync] Stopped: Passwords
2026-02-16 18:40:42.965: [INFO][Sync] Stopped: Autofill Profiles
2026-02-16 18:40:42.965: [INFO][Sync] Stopped: Autofill
2026-02-16 18:40:42.965: [INFO][Sync] Stopped: Extensions
2026-02-16 18:40:42.965: [INFO][Sync] Stopped: Sessions
2026-02-16 18:40:42.965: [INFO][Sync] Stopped: Extension settings
2026-02-16 18:40:42.965: [INFO][Sync] Stopped: History Delete Directives
2026-02-16 18:40:42.965: [INFO][Sync] Stopped: Device Info
2026-02-16 18:40:42.965: [INFO][Sync] Stopped: User Consents
2026-02-16 18:40:42.965: [INFO][Sync] Stopped: Send Tab To Self
2026-02-16 18:40:42.965: [INFO][Sync] Stopped: Web Apps
2026-02-16 18:40:42.965: [INFO][Sync] Stopped: History
2026-02-16 18:40:42.965: [INFO][Sync] Stopped: Saved Tab Group
2026-02-16 18:40:42.965: [INFO][Sync] Stopped: WebAuthn Credentials
2026-02-16 18:40:42.965: [INFO][Sync] Stopped: Collection
2026-02-16 18:40:42.965: [INFO][Sync] Stopped: Edge E Drop
2026-02-16 18:40:42.965: [INFO][Sync] Stopped: Edge Hub App Usage
2026-02-16 18:40:42.965: [INFO][Sync] Stopped: Edge Wallet
2026-02-16 18:40:42.965: [INFO][Sync] Stopped: Edge Workspace
2026-02-16 18:40:42.965: [INFO][Sync] SyncState after authenticated was: NotSignedIn
2026-02-16 18:40:43.096: [INFO][Sync] Reset engine, reason: 8
2026-02-16 18:40:43.096: [INFO][Sync] Stopped: Bookmarks
2026-02-16 18:40:43.096: [INFO][Sync] Stopped: Preferences
2026-02-16 18:40:43.096: [INFO][Sync] Stopped: Passwords
2026-02-16 18:40:43.096: [INFO][Sync] Stopped: Autofill Profiles
2026-02-16 18:40:43.096: [INFO][Sync] Stopped: Autofill
2026-02-16 18:40:43.096: [INFO][Sync] Stopped: Extensions
2026-02-16 18:40:43.096: [INFO][Sync] Stopped: Sessions
2026-02-16 18:40:43.096: [INFO][Sync] Stopped: Extension settings
2026-02-16 18:40:43.096: [INFO][Sync] Stopped: History Delete Directives
2026-02-16 18:40:43.096: [INFO][Sync] Stopped: Device Info
2026-02-16 18:40:43.096: [INFO][Sync] Stopped: User Consents
2026-02-16 18:40:43.096: [INFO][Sync] Stopped: Send Tab To Self
2026-02-16 18:40:43.096: [INFO][Sync] Stopped: Web Apps
2026-02-16 18:40:43.096: [INFO][Sync] Stopped: History
2026-02-16 18:40:43.096: [INFO][Sync] Stopped: Saved Tab Group
2026-02-16 18:40:43.096: [INFO][Sync] Stopped: WebAuthn Credentials
2026-02-16 18:40:43.096: [INFO][Sync] Stopped: Collection
2026-02-16 18:40:43.096: [INFO][Sync] Stopped: Edge E Drop
2026-02-16 18:40:43.096: [INFO][Sync] Stopped: Edge Hub App Usage
2026-02-16 18:40:43.096: [INFO][Sync] Stopped: Edge Wallet
2026-02-16 18:40:43.096: [INFO][Sync] Stopped: Edge Workspace
2026-02-16 18:41:53.142: [INFO][Sync] Reset engine, reason: 0
2026-02-16 18:44:56.626: [INFO][Sync] Reset engine, reason: 8
2026-02-16 18:44:56.626: [INFO][Sync] Stopped: Bookmarks
2026-02-16 18:44:56.626: [INFO][Sync] Stopped: Preferences
2026-02-16 18:44:56.626: [INFO][Sync] Stopped: Passwords
2026-02-16 18:44:56.626: [INFO][Sync] Stopped: Autofill Profiles
2026-02-16 18:44:56.626: [INFO][Sync] Stopped: Autofill
2026-02-16 18:44:56.626: [INFO][Sync] Stopped: Extensions
2026-02-16 18:44:56.626: [INFO][Sync] Stopped: Sessions
2026-02-16 18:44:56.626: [INFO][Sync] Stopped: Extension settings
2026-02-16 18:44:56.626: [INFO][Sync] Stopped: History Delete Directives
2026-02-16 18:44:56.626: [INFO][Sync] Stopped: Device Info
2026-02-16 18:44:56.626: [INFO][Sync] Stopped: User Consents
2026-02-16 18:44:56.626: [INFO][Sync] Stopped: Send Tab To Self
2026-02-16 18:44:56.626: [INFO][Sync] Stopped: Web Apps
2026-02-16 18:44:56.626: [INFO][Sync] Stopped: History
2026-02-16 18:44:56.626: [INFO][Sync] Stopped: Saved Tab Group
2026-02-16 18:44:56.626: [INFO][Sync] Stopped: WebAuthn Credentials
2026-02-16 18:44:56.626: [INFO][Sync] Stopped: Collection
2026-02-16 18:44:56.626: [INFO][Sync] Stopped: Edge E Drop
2026-02-16 18:44:56.626: [INFO][Sync] Stopped: Edge Hub App Usage
2026-02-16 18:44:56.626: [INFO][Sync] Stopped: Edge Wallet
2026-02-16 18:44:56.626: [INFO][Sync] Stopped: Edge Workspace
2026-02-16 18:44:56.626: [INFO][Sync] SyncState after authenticated was: NotSignedIn
2026-02-16 18:44:56.746: [INFO][Sync] Reset engine, reason: 8
2026-02-16 18:44:56.746: [INFO][Sync] Stopped: Bookmarks
2026-02-16 18:44:56.746: [INFO][Sync] Stopped: Preferences
2026-02-16 18:44:56.746: [INFO][Sync] Stopped: Passwords
2026-02-16 18:44:56.746: [INFO][Sync] Stopped: Autofill Profiles
2026-02-16 18:44:56.746: [INFO][Sync] Stopped: Autofill
2026-02-16 18:44:56.746: [INFO][Sync] Stopped: Extensions
2026-02-16 18:44:56.746: [INFO][Sync] Stopped: Sessions
2026-02-16 18:44:56.746: [INFO][Sync] Stopped: Extension settings
2026-02-16 18:44:56.746: [INFO][Sync] Stopped: History Delete Directives
2026-02-16 18:44:56.746: [INFO][Sync] Stopped: Device Info
2026-02-16 18:44:56.746: [INFO][Sync] Stopped: User Consents
2026-02-16 18:44:56.746: [INFO][Sync] Stopped: Send Tab To Self
2026-02-16 18:44:56.746: [INFO][Sync] Stopped: Web Apps
2026-02-16 18:44:56.746: [INFO][Sync] Stopped: History
2026-02-16 18:44:56.746: [INFO][Sync] Stopped: Saved Tab Group
2026-02-16 18:44:56.746: [INFO][Sync] Stopped: WebAuthn Credentials
2026-02-16 18:44:56.746: [INFO][Sync] Stopped: Collection
2026-02-16 18:44:56.746: [INFO][Sync] Stopped: Edge E Drop
2026-02-16 18:44:56.746: [INFO][Sync] Stopped: Edge Hub App Usage
2026-02-16 18:44:56.746: [INFO][Sync] Stopped: Edge Wallet
2026-02-16 18:44:56.746: [INFO][Sync] Stopped: Edge Workspace
2026-02-16 18:46:07.670: [INFO][Sync] Reset engine, reason: 0
2026-02-16 18:49:23.345: [INFO][Sync] Reset engine, reason: 8
2026-02-16 18:49:23.345: [INFO][Sync] Stopped: Bookmarks
2026-02-16 18:49:23.345: [INFO][Sync] Stopped: Preferences
2026-02-16 18:49:23.345: [INFO][Sync] Stopped: Passwords
2026-02-16 18:49:23.345: [INFO][Sync] Stopped: Autofill Profiles
2026-02-16 18:49:23.345: [INFO][Sync] Stopped: Autofill
2026-02-16 18:49:23.345: [INFO][Sync] Stopped: Extensions
2026-02-16 18:49:23.345: [INFO][Sync] Stopped: Sessions
2026-02-16 18:49:23.345: [INFO][Sync] Stopped: Extension settings
2026-02-16 18:49:23.345: [INFO][Sync] Stopped: History Delete Directives
2026-02-16 18:49:23.345: [INFO][Sync] Stopped: Device Info
2026-02-16 18:49:23.345: [INFO][Sync] Stopped: User Consents
2026-02-16 18:49:23.345: [INFO][Sync] Stopped: Send Tab To Self
2026-02-16 18:49:23.345: [INFO][Sync] Stopped: Web Apps
2026-02-16 18:49:23.345: [INFO][Sync] Stopped: History
2026-02-16 18:49:23.345: [INFO][Sync] Stopped: Saved Tab Group
2026-02-16 18:49:23.345: [INFO][Sync] Stopped: WebAuthn Credentials
2026-02-16 18:49:23.345: [INFO][Sync] Stopped: Collection
2026-02-16 18:49:23.345: [INFO][Sync] Stopped: Edge E Drop
2026-02-16 18:49:23.345: [INFO][Sync] Stopped: Edge Hub App Usage
2026-02-16 18:49:23.345: [INFO][Sync] Stopped: Edge Wallet
2026-02-16 18:49:23.345: [INFO][Sync] Stopped: Edge Workspace
2026-02-16 18:49:23.345: [INFO][Sync] SyncState after authenticated was: NotSignedIn
2026-02-16 18:49:23.476: [INFO][Sync] Reset engine, reason: 8
2026-02-16 18:49:23.476: [INFO][Sync] Stopped: Bookmarks
2026-02-16 18:49:23.476: [INFO][Sync] Stopped: Preferences
2026-02-16 18:49:23.476: [INFO][Sync] Stopped: Passwords
2026-02-16 18:49:23.476: [INFO][Sync] Stopped: Autofill Profiles
2026-02-16 18:49:23.476: [INFO][Sync] Stopped: Autofill
2026-02-16 18:49:23.476: [INFO][Sync] Stopped: Extensions
2026-02-16 18:49:23.476: [INFO][Sync] Stopped: Sessions
2026-02-16 18:49:23.476: [INFO][Sync] Stopped: Extension settings
2026-02-16 18:49:23.476: [INFO][Sync] Stopped: History Delete Directives
2026-02-16 18:49:23.476: [INFO][Sync] Stopped: Device Info
2026-02-16 18:49:23.476: [INFO][Sync] Stopped: User Consents
2026-02-16 18:49:23.476: [INFO][Sync] Stopped: Send Tab To Self
2026-02-16 18:49:23.476: [INFO][Sync] Stopped: Web Apps
2026-02-16 18:49:23.476: [INFO][Sync] Stopped: History
2026-02-16 18:49:23.476: [INFO][Sync] Stopped: Saved Tab Group
2026-02-16 18:49:23.476: [INFO][Sync] Stopped: WebAuthn Credentials
2026-02-16 18:49:23.476: [INFO][Sync] Stopped: Collection
2026-02-16 18:49:23.476: [INFO][Sync] Stopped: Edge E Drop
2026-02-16 18:49:23.476: [INFO][Sync] Stopped: Edge Hub App Usage
2026-02-16 18:49:23.476: [INFO][Sync] Stopped: Edge Wallet
2026-02-16 18:49:23.476: [INFO][Sync] Stopped: Edge Workspace
2026-02-16 18:50:33.773: [INFO][Sync] Reset engine, reason: 0
2026-02-16 18:55:27.845: [INFO][Sync] Reset engine, reason: 8
2026-02-16 18:55:27.845: [INFO][Sync] Stopped: Bookmarks
2026-02-16 18:55:27.845: [INFO][Sync] Stopped: Preferences
2026-02-16 18:55:27.845: [INFO][Sync] Stopped: Passwords
2026-02-16 18:55:27.845: [INFO][Sync] Stopped: Autofill Profiles
2026-02-16 18:55:27.845: [INFO][Sync] Stopped: Autofill
2026-02-16 18:55:27.845: [INFO][Sync] Stopped: Extensions
2026-02-16 18:55:27.845: [INFO][Sync] Stopped: Sessions
2026-02-16 18:55:27.845: [INFO][Sync] Stopped: Extension settings
2026-02-16 18:55:27.845: [INFO][Sync] Stopped: History Delete Directives
2026-02-16 18:55:27.845: [INFO][Sync] Stopped: Device Info
2026-02-16 18:55:27.845: [INFO][Sync] Stopped: User Consents
2026-02-16 18:55:27.845: [INFO][Sync] Stopped: Send Tab To Self
2026-02-16 18:55:27.845: [INFO][Sync] Stopped: Web Apps
2026-02-16 18:55:27.845: [INFO][Sync] Stopped: History
2026-02-16 18:55:27.845: [INFO][Sync] Stopped: Saved Tab Group
2026-02-16 18:55:27.845: [INFO][Sync] Stopped: WebAuthn Credentials
2026-02-16 18:55:27.845: [INFO][Sync] Stopped: Collection
2026-02-16 18:55:27.845: [INFO][Sync] Stopped: Edge E Drop
2026-02-16 18:55:27.845: [INFO][Sync] Stopped: Edge Hub App Usage
2026-02-16 18:55:27.845: [INFO][Sync] Stopped: Edge Wallet
2026-02-16 18:55:27.845: [INFO][Sync] Stopped: Edge Workspace
2026-02-16 18:55:27.845: [INFO][Sync] SyncState after authenticated was: NotSignedIn
2026-02-16 18:55:27.969: [INFO][Sync] Reset engine, reason: 8
2026-02-16 18:55:27.969: [INFO][Sync] Stopped: Bookmarks
2026-02-16 18:55:27.969: [INFO][Sync] Stopped: Preferences
2026-02-16 18:55:27.969: [INFO][Sync] Stopped: Passwords
2026-02-16 18:55:27.969: [INFO][Sync] Stopped: Autofill Profiles
2026-02-16 18:55:27.969: [INFO][Sync] Stopped: Autofill
2026-02-16 18:55:27.969: [INFO][Sync] Stopped: Extensions
2026-02-16 18:55:27.969: [INFO][Sync] Stopped: Sessions
2026-02-16 18:55:27.969: [INFO][Sync] Stopped: Extension settings
2026-02-16 18:55:27.969: [INFO][Sync] Stopped: History Delete Directives
2026-02-16 18:55:27.969: [INFO][Sync] Stopped: Device Info
2026-02-16 18:55:27.969: [INFO][Sync] Stopped: User Consents
2026-02-16 18:55:27.969: [INFO][Sync] Stopped: Send Tab To Self
2026-02-16 18:55:27.969: [INFO][Sync] Stopped: Web Apps
2026-02-16 18:55:27.969: [INFO][Sync] Stopped: History
2026-02-16 18:55:27.969: [INFO][Sync] Stopped: Saved Tab Group
2026-02-16 18:55:27.969: [INFO][Sync] Stopped: WebAuthn Credentials
2026-02-16 18:55:27.969: [INFO][Sync] Stopped: Collection
2026-02-16 18:55:27.969: [INFO][Sync] Stopped: Edge E Drop
2026-02-16 18:55:27.969: [INFO][Sync] Stopped: Edge Hub App Usage
2026-02-16 18:55:27.969: [INFO][Sync] Stopped: Edge Wallet
2026-02-16 18:55:27.969: [INFO][Sync] Stopped: Edge Workspace
2026-02-16 18:56:41.188: [INFO][Sync] Reset engine, reason: 0
2026-02-16 19:06:04.074: [INFO][Sync] Reset engine, reason: 8
2026-02-16 19:06:04.074: [INFO][Sync] Stopped: Bookmarks
2026-02-16 19:06:04.074: [INFO][Sync] Stopped: Preferences
2026-02-16 19:06:04.074: [INFO][Sync] Stopped: Passwords
2026-02-16 19:06:04.074: [INFO][Sync] Stopped: Autofill Profiles
2026-02-16 19:06:04.074: [INFO][Sync] Stopped: Autofill
2026-02-16 19:06:04.074: [INFO][Sync] Stopped: Extensions
2026-02-16 19:06:04.074: [INFO][Sync] Stopped: Sessions
2026-02-16 19:06:04.074: [INFO][Sync] Stopped: Extension settings
2026-02-16 19:06:04.074: [INFO][Sync] Stopped: History Delete Directives
2026-02-16 19:06:04.074: [INFO][Sync] Stopped: Device Info
2026-02-16 19:06:04.074: [INFO][Sync] Stopped: User Consents
2026-02-16 19:06:04.074: [INFO][Sync] Stopped: Send Tab To Self
2026-02-16 19:06:04.074: [INFO][Sync] Stopped: Web Apps
2026-02-16 19:06:04.074: [INFO][Sync] Stopped: History
2026-02-16 19:06:04.074: [INFO][Sync] Stopped: Saved Tab Group
2026-02-16 19:06:04.074: [INFO][Sync] Stopped: WebAuthn Credentials
2026-02-16 19:06:04.074: [INFO][Sync] Stopped: Collection
2026-02-16 19:06:04.074: [INFO][Sync] Stopped: Edge E Drop
2026-02-16 19:06:04.074: [INFO][Sync] Stopped: Edge Hub App Usage
2026-02-16 19:06:04.074: [INFO][Sync] Stopped: Edge Wallet
2026-02-16 19:06:04.074: [INFO][Sync] Stopped: Edge Workspace
2026-02-16 19:06:04.074: [INFO][Sync] SyncState after authenticated was: NotSignedIn
2026-02-16 19:06:04.220: [INFO][Sync] Reset engine, reason: 8
2026-02-16 19:06:04.220: [INFO][Sync] Stopped: Bookmarks
2026-02-16 19:06:04.220: [INFO][Sync] Stopped: Preferences
2026-02-16 19:06:04.220: [INFO][Sync] Stopped: Passwords
2026-02-16 19:06:04.220: [INFO][Sync] Stopped: Autofill Profiles
2026-02-16 19:06:04.220: [INFO][Sync] Stopped: Autofill
2026-02-16 19:06:04.220: [INFO][Sync] Stopped: Extensions
2026-02-16 19:06:04.220: [INFO][Sync] Stopped: Sessions
2026-02-16 19:06:04.220: [INFO][Sync] Stopped: Extension settings
2026-02-16 19:06:04.220: [INFO][Sync] Stopped: History Delete Directives
2026-02-16 19:06:04.220: [INFO][Sync] Stopped: Device Info
2026-02-16 19:06:04.220: [INFO][Sync] Stopped: User Consents
2026-02-16 19:06:04.220: [INFO][Sync] Stopped: Send Tab To Self
2026-02-16 19:06:04.220: [INFO][Sync] Stopped: Web Apps
2026-02-16 19:06:04.220: [INFO][Sync] Stopped: History
2026-02-16 19:06:04.220: [INFO][Sync] Stopped: Saved Tab Group
2026-02-16 19:06:04.220: [INFO][Sync] Stopped: WebAuthn Credentials
2026-02-16 19:06:04.220: [INFO][Sync] Stopped: Collection
2026-02-16 19:06:04.220: [INFO][Sync] Stopped: Edge E Drop
2026-02-16 19:06:04.220: [INFO][Sync] Stopped: Edge Hub App Usage
2026-02-16 19:06:04.220: [INFO][Sync] Stopped: Edge Wallet
2026-02-16 19:06:04.220: [INFO][Sync] Stopped: Edge Workspace
2026-02-16 19:07:17.361: [INFO][Sync] Reset engine, reason: 0
2026-02-16 19:57:44.634: [INFO][Sync] Reset engine, reason: 8
2026-02-16 19:57:44.634: [INFO][Sync] Stopped: Bookmarks
2026-02-16 19:57:44.634: [INFO][Sync] Stopped: Preferences
2026-02-16 19:57:44.634: [INFO][Sync] Stopped: Passwords
2026-02-16 19:57:44.634: [INFO][Sync] Stopped: Autofill Profiles
2026-02-16 19:57:44.634: [INFO][Sync] Stopped: Autofill
2026-02-16 19:57:44.634: [INFO][Sync] Stopped: Extensions
2026-02-16 19:57:44.634: [INFO][Sync] Stopped: Sessions
2026-02-16 19:57:44.634: [INFO][Sync] Stopped: Extension settings
2026-02-16 19:57:44.634: [INFO][Sync] Stopped: History Delete Directives
2026-02-16 19:57:44.634: [INFO][Sync] Stopped: Device Info
2026-02-16 19:57:44.634: [INFO][Sync] Stopped: User Consents
2026-02-16 19:57:44.634: [INFO][Sync] Stopped: Send Tab To Self
2026-02-16 19:57:44.634: [INFO][Sync] Stopped: Web Apps
2026-02-16 19:57:44.634: [INFO][Sync] Stopped: History
2026-02-16 19:57:44.634: [INFO][Sync] Stopped: Saved Tab Group
2026-02-16 19:57:44.634: [INFO][Sync] Stopped: WebAuthn Credentials
2026-02-16 19:57:44.634: [INFO][Sync] Stopped: Collection
2026-02-16 19:57:44.634: [INFO][Sync] Stopped: Edge E Drop
2026-02-16 19:57:44.634: [INFO][Sync] Stopped: Edge Hub App Usage
2026-02-16 19:57:44.634: [INFO][Sync] Stopped: Edge Wallet
2026-02-16 19:57:44.634: [INFO][Sync] Stopped: Edge Workspace
2026-02-16 19:57:44.635: [INFO][Sync] SyncState after authenticated was: NotSignedIn
2026-02-16 19:57:44.801: [INFO][Sync] Reset engine, reason: 8
2026-02-16 19:57:44.801: [INFO][Sync] Stopped: Bookmarks
2026-02-16 19:57:44.801: [INFO][Sync] Stopped: Preferences
2026-02-16 19:57:44.801: [INFO][Sync] Stopped: Passwords
2026-02-16 19:57:44.801: [INFO][Sync] Stopped: Autofill Profiles
2026-02-16 19:57:44.801: [INFO][Sync] Stopped: Autofill
2026-02-16 19:57:44.801: [INFO][Sync] Stopped: Extensions
2026-02-16 19:57:44.801: [INFO][Sync] Stopped: Sessions
2026-02-16 19:57:44.801: [INFO][Sync] Stopped: Extension settings
2026-02-16 19:57:44.801: [INFO][Sync] Stopped: History Delete Directives
2026-02-16 19:57:44.801: [INFO][Sync] Stopped: Device Info
2026-02-16 19:57:44.801: [INFO][Sync] Stopped: User Consents
2026-02-16 19:57:44.801: [INFO][Sync] Stopped: Send Tab To Self
2026-02-16 19:57:44.801: [INFO][Sync] Stopped: Web Apps
2026-02-16 19:57:44.801: [INFO][Sync] Stopped: History
2026-02-16 19:57:44.801: [INFO][Sync] Stopped: Saved Tab Group
2026-02-16 19:57:44.801: [INFO][Sync] Stopped: WebAuthn Credentials
2026-02-16 19:57:44.801: [INFO][Sync] Stopped: Collection
2026-02-16 19:57:44.801: [INFO][Sync] Stopped: Edge E Drop
2026-02-16 19:57:44.801: [INFO][Sync] Stopped: Edge Hub App Usage
2026-02-16 19:57:44.801: [INFO][Sync] Stopped: Edge Wallet
2026-02-16 19:57:44.801: [INFO][Sync] Stopped: Edge Workspace
2026-02-16 19:58:56.022: [INFO][Sync] Reset engine, reason: 0
2026-02-16 20:05:21.109: [INFO][Sync] Reset engine, reason: 8
2026-02-16 20:05:21.109: [INFO][Sync] Stopped: Bookmarks
2026-02-16 20:05:21.109: [INFO][Sync] Stopped: Preferences
2026-02-16 20:05:21.109: [INFO][Sync] Stopped: Passwords
2026-02-16 20:05:21.109: [INFO][Sync] Stopped: Autofill Profiles
2026-02-16 20:05:21.109: [INFO][Sync] Stopped: Autofill
2026-02-16 20:05:21.109: [INFO][Sync] Stopped: Extensions
2026-02-16 20:05:21.109: [INFO][Sync] Stopped: Sessions
2026-02-16 20:05:21.109: [INFO][Sync] Stopped: Extension settings
2026-02-16 20:05:21.109: [INFO][Sync] Stopped: History Delete Directives
2026-02-16 20:05:21.109: [INFO][Sync] Stopped: Device Info
2026-02-16 20:05:21.109: [INFO][Sync] Stopped: User Consents
2026-02-16 20:05:21.109: [INFO][Sync] Stopped: Send Tab To Self
2026-02-16 20:05:21.109: [INFO][Sync] Stopped: Web Apps
2026-02-16 20:05:21.109: [INFO][Sync] Stopped: History
2026-02-16 20:05:21.109: [INFO][Sync] Stopped: Saved Tab Group
2026-02-16 20:05:21.109: [INFO][Sync] Stopped: WebAuthn Credentials
2026-02-16 20:05:21.109: [INFO][Sync] Stopped: Collection
2026-02-16 20:05:21.109: [INFO][Sync] Stopped: Edge E Drop
2026-02-16 20:05:21.109: [INFO][Sync] Stopped: Edge Hub App Usage
2026-02-16 20:05:21.109: [INFO][Sync] Stopped: Edge Wallet
2026-02-16 20:05:21.109: [INFO][Sync] Stopped: Edge Workspace
2026-02-16 20:05:21.109: [INFO][Sync] SyncState after authenticated was: NotSignedIn
2026-02-16 20:05:21.278: [INFO][Sync] Reset engine, reason: 8
2026-02-16 20:05:21.278: [INFO][Sync] Stopped: Bookmarks
2026-02-16 20:05:21.278: [INFO][Sync] Stopped: Preferences
2026-02-16 20:05:21.278: [INFO][Sync] Stopped: Passwords
2026-02-16 20:05:21.278: [INFO][Sync] Stopped: Autofill Profiles
2026-02-16 20:05:21.278: [INFO][Sync] Stopped: Autofill
2026-02-16 20:05:21.278: [INFO][Sync] Stopped: Extensions
2026-02-16 20:05:21.278: [INFO][Sync] Stopped: Sessions
2026-02-16 20:05:21.278: [INFO][Sync] Stopped: Extension settings
2026-02-16 20:05:21.278: [INFO][Sync] Stopped: History Delete Directives
2026-02-16 20:05:21.278: [INFO][Sync] Stopped: Device Info
2026-02-16 20:05:21.278: [INFO][Sync] Stopped: User Consents
2026-02-16 20:05:21.278: [INFO][Sync] Stopped: Send Tab To Self
2026-02-16 20:05:21.278: [INFO][Sync] Stopped: Web Apps
2026-02-16 20:05:21.278: [INFO][Sync] Stopped: History
2026-02-16 20:05:21.278: [INFO][Sync] Stopped: Saved Tab Group
2026-02-16 20:05:21.278: [INFO][Sync] Stopped: WebAuthn Credentials
2026-02-16 20:05:21.278: [INFO][Sync] Stopped: Collection
2026-02-16 20:05:21.278: [INFO][Sync] Stopped: Edge E Drop
2026-02-16 20:05:21.278: [INFO][Sync] Stopped: Edge Hub App Usage
2026-02-16 20:05:21.278: [INFO][Sync] Stopped: Edge Wallet
2026-02-16 20:05:21.278: [INFO][Sync] Stopped: Edge Workspace
2026-02-16 20:06:32.127: [INFO][Sync] Reset engine, reason: 0
2026-02-16 20:12:35.198: [INFO][Sync] Reset engine, reason: 8
2026-02-16 20:12:35.198: [INFO][Sync] Stopped: Bookmarks
2026-02-16 20:12:35.198: [INFO][Sync] Stopped: Preferences
2026-02-16 20:12:35.198: [INFO][Sync] Stopped: Passwords
2026-02-16 20:12:35.198: [INFO][Sync] Stopped: Autofill Profiles
2026-02-16 20:12:35.198: [INFO][Sync] Stopped: Autofill
2026-02-16 20:12:35.198: [INFO][Sync] Stopped: Extensions
2026-02-16 20:12:35.198: [INFO][Sync] Stopped: Sessions
2026-02-16 20:12:35.198: [INFO][Sync] Stopped: Extension settings
2026-02-16 20:12:35.198: [INFO][Sync] Stopped: History Delete Directives
2026-02-16 20:12:35.198: [INFO][Sync] Stopped: Device Info
2026-02-16 20:12:35.198: [INFO][Sync] Stopped: User Consents
2026-02-16 20:12:35.198: [INFO][Sync] Stopped: Send Tab To Self
2026-02-16 20:12:35.198: [INFO][Sync] Stopped: Web Apps
2026-02-16 20:12:35.198: [INFO][Sync] Stopped: History
2026-02-16 20:12:35.198: [INFO][Sync] Stopped: Saved Tab Group
2026-02-16 20:12:35.198: [INFO][Sync] Stopped: WebAuthn Credentials
2026-02-16 20:12:35.198: [INFO][Sync] Stopped: Collection
2026-02-16 20:12:35.198: [INFO][Sync] Stopped: Edge E Drop
2026-02-16 20:12:35.198: [INFO][Sync] Stopped: Edge Hub App Usage
2026-02-16 20:12:35.198: [INFO][Sync] Stopped: Edge Wallet
2026-02-16 20:12:35.198: [INFO][Sync] Stopped: Edge Workspace
2026-02-16 20:12:35.198: [INFO][Sync] SyncState after authenticated was: NotSignedIn
2026-02-16 20:12:35.344: [INFO][Sync] Reset engine, reason: 8
2026-02-16 20:12:35.344: [INFO][Sync] Stopped: Bookmarks
2026-02-16 20:12:35.344: [INFO][Sync] Stopped: Preferences
2026-02-16 20:12:35.344: [INFO][Sync] Stopped: Passwords
2026-02-16 20:12:35.344: [INFO][Sync] Stopped: Autofill Profiles
2026-02-16 20:12:35.344: [INFO][Sync] Stopped: Autofill
2026-02-16 20:12:35.344: [INFO][Sync] Stopped: Extensions
2026-02-16 20:12:35.344: [INFO][Sync] Stopped: Sessions
2026-02-16 20:12:35.344: [INFO][Sync] Stopped: Extension settings
2026-02-16 20:12:35.344: [INFO][Sync] Stopped: History Delete Directives
2026-02-16 20:12:35.344: [INFO][Sync] Stopped: Device Info
2026-02-16 20:12:35.344: [INFO][Sync] Stopped: User Consents
2026-02-16 20:12:35.344: [INFO][Sync] Stopped: Send Tab To Self
2026-02-16 20:12:35.344: [INFO][Sync] Stopped: Web Apps
2026-02-16 20:12:35.344: [INFO][Sync] Stopped: History
2026-02-16 20:12:35.344: [INFO][Sync] Stopped: Saved Tab Group
2026-02-16 20:12:35.344: [INFO][Sync] Stopped: WebAuthn Credentials
2026-02-16 20:12:35.344: [INFO][Sync] Stopped: Collection
2026-02-16 20:12:35.344: [INFO][Sync] Stopped: Edge E Drop
2026-02-16 20:12:35.344: [INFO][Sync] Stopped: Edge Hub App Usage
2026-02-16 20:12:35.344: [INFO][Sync] Stopped: Edge Wallet
2026-02-16 20:12:35.344: [INFO][Sync] Stopped: Edge Workspace
2026-02-16 20:18:51.843: [INFO][Sync] Reset engine, reason: 0
2026-02-16 20:18:55.925: [INFO][Sync] Reset engine, reason: 8
2026-02-16 20:18:55.925: [INFO][Sync] Stopped: Bookmarks
2026-02-16 20:18:55.925: [INFO][Sync] Stopped: Preferences
2026-02-16 20:18:55.925: [INFO][Sync] Stopped: Passwords
2026-02-16 20:18:55.925: [INFO][Sync] Stopped: Autofill Profiles
2026-02-16 20:18:55.925: [INFO][Sync] Stopped: Autofill
2026-02-16 20:18:55.925: [INFO][Sync] Stopped: Extensions
2026-02-16 20:18:55.925: [INFO][Sync] Stopped: Sessions
2026-02-16 20:18:55.925: [INFO][Sync] Stopped: Extension settings
2026-02-16 20:18:55.925: [INFO][Sync] Stopped: History Delete Directives
2026-02-16 20:18:55.925: [INFO][Sync] Stopped: Device Info
2026-02-16 20:18:55.925: [INFO][Sync] Stopped: User Consents
2026-02-16 20:18:55.925: [INFO][Sync] Stopped: Send Tab To Self
2026-02-16 20:18:55.925: [INFO][Sync] Stopped: Web Apps
2026-02-16 20:18:55.925: [INFO][Sync] Stopped: History
2026-02-16 20:18:55.925: [INFO][Sync] Stopped: Saved Tab Group
2026-02-16 20:18:55.925: [INFO][Sync] Stopped: WebAuthn Credentials
2026-02-16 20:18:55.925: [INFO][Sync] Stopped: Collection
2026-02-16 20:18:55.925: [INFO][Sync] Stopped: Edge E Drop
2026-02-16 20:18:55.925: [INFO][Sync] Stopped: Edge Hub App Usage
2026-02-16 20:18:55.925: [INFO][Sync] Stopped: Edge Wallet
2026-02-16 20:18:55.925: [INFO][Sync] Stopped: Edge Workspace
2026-02-16 20:18:55.925: [INFO][Sync] SyncState after authenticated was: NotSignedIn
2026-02-16 20:18:56.062: [INFO][Sync] Reset engine, reason: 8
2026-02-16 20:18:56.062: [INFO][Sync] Stopped: Bookmarks
2026-02-16 20:18:56.062: [INFO][Sync] Stopped: Preferences
2026-02-16 20:18:56.062: [INFO][Sync] Stopped: Passwords
2026-02-16 20:18:56.062: [INFO][Sync] Stopped: Autofill Profiles
2026-02-16 20:18:56.062: [INFO][Sync] Stopped: Autofill
2026-02-16 20:18:56.062: [INFO][Sync] Stopped: Extensions
2026-02-16 20:18:56.062: [INFO][Sync] Stopped: Sessions
2026-02-16 20:18:56.062: [INFO][Sync] Stopped: Extension settings
2026-02-16 20:18:56.062: [INFO][Sync] Stopped: History Delete Directives
2026-02-16 20:18:56.062: [INFO][Sync] Stopped: Device Info
2026-02-16 20:18:56.062: [INFO][Sync] Stopped: User Consents
2026-02-16 20:18:56.062: [INFO][Sync] Stopped: Send Tab To Self
2026-02-16 20:18:56.062: [INFO][Sync] Stopped: Web Apps
2026-02-16 20:18:56.062: [INFO][Sync] Stopped: History
2026-02-16 20:18:56.062: [INFO][Sync] Stopped: Saved Tab Group
2026-02-16 20:18:56.062: [INFO][Sync] Stopped: WebAuthn Credentials
2026-02-16 20:18:56.062: [INFO][Sync] Stopped: Collection
2026-02-16 20:18:56.062: [INFO][Sync] Stopped: Edge E Drop
2026-02-16 20:18:56.062: [INFO][Sync] Stopped: Edge Hub App Usage
2026-02-16 20:18:56.062: [INFO][Sync] Stopped: Edge Wallet
2026-02-16 20:18:56.062: [INFO][Sync] Stopped: Edge Workspace
2026-02-16 20:20:08.296: [INFO][Sync] Reset engine, reason: 0
2026-02-16 20:22:34.452: [INFO][Sync] Reset engine, reason: 8
2026-02-16 20:22:34.452: [INFO][Sync] Stopped: Bookmarks
2026-02-16 20:22:34.452: [INFO][Sync] Stopped: Preferences
2026-02-16 20:22:34.452: [INFO][Sync] Stopped: Passwords
2026-02-16 20:22:34.452: [INFO][Sync] Stopped: Autofill Profiles
2026-02-16 20:22:34.452: [INFO][Sync] Stopped: Autofill
2026-02-16 20:22:34.452: [INFO][Sync] Stopped: Extensions
2026-02-16 20:22:34.452: [INFO][Sync] Stopped: Sessions
2026-02-16 20:22:34.452: [INFO][Sync] Stopped: Extension settings
2026-02-16 20:22:34.452: [INFO][Sync] Stopped: History Delete Directives
2026-02-16 20:22:34.452: [INFO][Sync] Stopped: Device Info
2026-02-16 20:22:34.452: [INFO][Sync] Stopped: User Consents
2026-02-16 20:22:34.452: [INFO][Sync] Stopped: Send Tab To Self
2026-02-16 20:22:34.452: [INFO][Sync] Stopped: Web Apps
2026-02-16 20:22:34.452: [INFO][Sync] Stopped: History
2026-02-16 20:22:34.452: [INFO][Sync] Stopped: Saved Tab Group
2026-02-16 20:22:34.452: [INFO][Sync] Stopped: WebAuthn Credentials
2026-02-16 20:22:34.452: [INFO][Sync] Stopped: Collection
2026-02-16 20:22:34.453: [INFO][Sync] Stopped: Edge E Drop
2026-02-16 20:22:34.453: [INFO][Sync] Stopped: Edge Hub App Usage
2026-02-16 20:22:34.453: [INFO][Sync] Stopped: Edge Wallet
2026-02-16 20:22:34.453: [INFO][Sync] Stopped: Edge Workspace
2026-02-16 20:22:34.453: [INFO][Sync] SyncState after authenticated was: NotSignedIn
2026-02-16 20:22:34.591: [INFO][Sync] Reset engine, reason: 8
2026-02-16 20:22:34.591: [INFO][Sync] Stopped: Bookmarks
2026-02-16 20:22:34.591: [INFO][Sync] Stopped: Preferences
2026-02-16 20:22:34.591: [INFO][Sync] Stopped: Passwords
2026-02-16 20:22:34.591: [INFO][Sync] Stopped: Autofill Profiles
2026-02-16 20:22:34.591: [INFO][Sync] Stopped: Autofill
2026-02-16 20:22:34.591: [INFO][Sync] Stopped: Extensions
2026-02-16 20:22:34.591: [INFO][Sync] Stopped: Sessions
2026-02-16 20:22:34.591: [INFO][Sync] Stopped: Extension settings
2026-02-16 20:22:34.591: [INFO][Sync] Stopped: History Delete Directives
2026-02-16 20:22:34.591: [INFO][Sync] Stopped: Device Info
2026-02-16 20:22:34.591: [INFO][Sync] Stopped: User Consents
2026-02-16 20:22:34.591: [INFO][Sync] Stopped: Send Tab To Self
2026-02-16 20:22:34.591: [INFO][Sync] Stopped: Web Apps
2026-02-16 20:22:34.591: [INFO][Sync] Stopped: History
2026-02-16 20:22:34.591: [INFO][Sync] Stopped: Saved Tab Group
2026-02-16 20:22:34.591: [INFO][Sync] Stopped: WebAuthn Credentials
2026-02-16 20:22:34.591: [INFO][Sync] Stopped: Collection
2026-02-16 20:22:34.591: [INFO][Sync] Stopped: Edge E Drop
2026-02-16 20:22:34.591: [INFO][Sync] Stopped: Edge Hub App Usage
2026-02-16 20:22:34.591: [INFO][Sync] Stopped: Edge Wallet
2026-02-16 20:22:34.591: [INFO][Sync] Stopped: Edge Workspace
2026-02-16 20:23:05.866: [INFO][Sync] Reset engine, reason: 0
2026-02-16 20:23:16.396: [INFO][Sync] Reset engine, reason: 8
2026-02-16 20:23:16.396: [INFO][Sync] Stopped: Bookmarks
2026-02-16 20:23:16.396: [INFO][Sync] Stopped: Preferences
2026-02-16 20:23:16.396: [INFO][Sync] Stopped: Passwords
2026-02-16 20:23:16.396: [INFO][Sync] Stopped: Autofill Profiles
2026-02-16 20:23:16.396: [INFO][Sync] Stopped: Autofill
2026-02-16 20:23:16.396: [INFO][Sync] Stopped: Extensions
2026-02-16 20:23:16.396: [INFO][Sync] Stopped: Sessions
2026-02-16 20:23:16.396: [INFO][Sync] Stopped: Extension settings
2026-02-16 20:23:16.396: [INFO][Sync] Stopped: History Delete Directives
2026-02-16 20:23:16.396: [INFO][Sync] Stopped: Device Info
2026-02-16 20:23:16.396: [INFO][Sync] Stopped: User Consents
2026-02-16 20:23:16.396: [INFO][Sync] Stopped: Send Tab To Self
2026-02-16 20:23:16.396: [INFO][Sync] Stopped: Web Apps
2026-02-16 20:23:16.396: [INFO][Sync] Stopped: History
2026-02-16 20:23:16.396: [INFO][Sync] Stopped: Saved Tab Group
2026-02-16 20:23:16.396: [INFO][Sync] Stopped: WebAuthn Credentials
2026-02-16 20:23:16.396: [INFO][Sync] Stopped: Collection
2026-02-16 20:23:16.396: [INFO][Sync] Stopped: Edge E Drop
2026-02-16 20:23:16.396: [INFO][Sync] Stopped: Edge Hub App Usage
2026-02-16 20:23:16.396: [INFO][Sync] Stopped: Edge Wallet
2026-02-16 20:23:16.396: [INFO][Sync] Stopped: Edge Workspace
2026-02-16 20:23:16.396: [INFO][Sync] SyncState after authenticated was: NotSignedIn
2026-02-16 20:23:16.534: [INFO][Sync] Reset engine, reason: 8
2026-02-16 20:23:16.534: [INFO][Sync] Stopped: Bookmarks
2026-02-16 20:23:16.534: [INFO][Sync] Stopped: Preferences
2026-02-16 20:23:16.534: [INFO][Sync] Stopped: Passwords
2026-02-16 20:23:16.534: [INFO][Sync] Stopped: Autofill Profiles
2026-02-16 20:23:16.534: [INFO][Sync] Stopped: Autofill
2026-02-16 20:23:16.534: [INFO][Sync] Stopped: Extensions
2026-02-16 20:23:16.534: [INFO][Sync] Stopped: Sessions
2026-02-16 20:23:16.534: [INFO][Sync] Stopped: Extension settings
2026-02-16 20:23:16.534: [INFO][Sync] Stopped: History Delete Directives
2026-02-16 20:23:16.534: [INFO][Sync] Stopped: Device Info
2026-02-16 20:23:16.534: [INFO][Sync] Stopped: User Consents
2026-02-16 20:23:16.534: [INFO][Sync] Stopped: Send Tab To Self
2026-02-16 20:23:16.534: [INFO][Sync] Stopped: Web Apps
2026-02-16 20:23:16.534: [INFO][Sync] Stopped: History
2026-02-16 20:23:16.534: [INFO][Sync] Stopped: Saved Tab Group
2026-02-16 20:23:16.534: [INFO][Sync] Stopped: WebAuthn Credentials
2026-02-16 20:23:16.534: [INFO][Sync] Stopped: Collection
2026-02-16 20:23:16.534: [INFO][Sync] Stopped: Edge E Drop
2026-02-16 20:23:16.534: [INFO][Sync] Stopped: Edge Hub App Usage
2026-02-16 20:23:16.534: [INFO][Sync] Stopped: Edge Wallet
2026-02-16 20:23:16.534: [INFO][Sync] Stopped: Edge Workspace
2026-02-16 20:23:49.265: [INFO][Sync] Reset engine, reason: 0
2026-02-16 20:26:25.694: [INFO][Sync] Reset engine, reason: 8
2026-02-16 20:26:25.694: [INFO][Sync] Stopped: Bookmarks
2026-02-16 20:26:25.694: [INFO][Sync] Stopped: Preferences
2026-02-16 20:26:25.694: [INFO][Sync] Stopped: Passwords
2026-02-16 20:26:25.694: [INFO][Sync] Stopped: Autofill Profiles
2026-02-16 20:26:25.694: [INFO][Sync] Stopped: Autofill
2026-02-16 20:26:25.694: [INFO][Sync] Stopped: Extensions
2026-02-16 20:26:25.694: [INFO][Sync] Stopped: Sessions
2026-02-16 20:26:25.694: [INFO][Sync] Stopped: Extension settings
2026-02-16 20:26:25.694: [INFO][Sync] Stopped: History Delete Directives
2026-02-16 20:26:25.694: [INFO][Sync] Stopped: Device Info
2026-02-16 20:26:25.694: [INFO][Sync] Stopped: User Consents
2026-02-16 20:26:25.694: [INFO][Sync] Stopped: Send Tab To Self
2026-02-16 20:26:25.694: [INFO][Sync] Stopped: Web Apps
2026-02-16 20:26:25.694: [INFO][Sync] Stopped: History
2026-02-16 20:26:25.694: [INFO][Sync] Stopped: Saved Tab Group
2026-02-16 20:26:25.694: [INFO][Sync] Stopped: WebAuthn Credentials
2026-02-16 20:26:25.694: [INFO][Sync] Stopped: Collection
2026-02-16 20:26:25.694: [INFO][Sync] Stopped: Edge E Drop
2026-02-16 20:26:25.694: [INFO][Sync] Stopped: Edge Hub App Usage
2026-02-16 20:26:25.694: [INFO][Sync] Stopped: Edge Wallet
2026-02-16 20:26:25.694: [INFO][Sync] Stopped: Edge Workspace
2026-02-16 20:26:25.694: [INFO][Sync] SyncState after authenticated was: NotSignedIn
2026-02-16 20:26:25.847: [INFO][Sync] Reset engine, reason: 8
2026-02-16 20:26:25.847: [INFO][Sync] Stopped: Bookmarks
2026-02-16 20:26:25.848: [INFO][Sync] Stopped: Preferences
2026-02-16 20:26:25.848: [INFO][Sync] Stopped: Passwords
2026-02-16 20:26:25.848: [INFO][Sync] Stopped: Autofill Profiles
2026-02-16 20:26:25.848: [INFO][Sync] Stopped: Autofill
2026-02-16 20:26:25.848: [INFO][Sync] Stopped: Extensions
2026-02-16 20:26:25.848: [INFO][Sync] Stopped: Sessions
2026-02-16 20:26:25.848: [INFO][Sync] Stopped: Extension settings
2026-02-16 20:26:25.848: [INFO][Sync] Stopped: History Delete Directives
2026-02-16 20:26:25.848: [INFO][Sync] Stopped: Device Info
2026-02-16 20:26:25.848: [INFO][Sync] Stopped: User Consents
2026-02-16 20:26:25.848: [INFO][Sync] Stopped: Send Tab To Self
2026-02-16 20:26:25.848: [INFO][Sync] Stopped: Web Apps
2026-02-16 20:26:25.848: [INFO][Sync] Stopped: History
2026-02-16 20:26:25.848: [INFO][Sync] Stopped: Saved Tab Group
2026-02-16 20:26:25.848: [INFO][Sync] Stopped: WebAuthn Credentials
2026-02-16 20:26:25.848: [INFO][Sync] Stopped: Collection
2026-02-16 20:26:25.848: [INFO][Sync] Stopped: Edge E Drop
2026-02-16 20:26:25.848: [INFO][Sync] Stopped: Edge Hub App Usage
2026-02-16 20:26:25.848: [INFO][Sync] Stopped: Edge Wallet
2026-02-16 20:26:25.848: [INFO][Sync] Stopped: Edge Workspace
2026-02-16 20:27:35.875: [INFO][Sync] Reset engine, reason: 0
2026-02-16 20:31:13.802: [INFO][Sync] Reset engine, reason: 8
2026-02-16 20:31:13.802: [INFO][Sync] Stopped: Bookmarks
2026-02-16 20:31:13.802: [INFO][Sync] Stopped: Preferences
2026-02-16 20:31:13.802: [INFO][Sync] Stopped: Passwords
2026-02-16 20:31:13.802: [INFO][Sync] Stopped: Autofill Profiles
2026-02-16 20:31:13.802: [INFO][Sync] Stopped: Autofill
2026-02-16 20:31:13.802: [INFO][Sync] Stopped: Extensions
2026-02-16 20:31:13.802: [INFO][Sync] Stopped: Sessions
2026-02-16 20:31:13.802: [INFO][Sync] Stopped: Extension settings
2026-02-16 20:31:13.802: [INFO][Sync] Stopped: History Delete Directives
2026-02-16 20:31:13.802: [INFO][Sync] Stopped: Device Info
2026-02-16 20:31:13.802: [INFO][Sync] Stopped: User Consents
2026-02-16 20:31:13.802: [INFO][Sync] Stopped: Send Tab To Self
2026-02-16 20:31:13.802: [INFO][Sync] Stopped: Web Apps
2026-02-16 20:31:13.802: [INFO][Sync] Stopped: History
2026-02-16 20:31:13.802: [INFO][Sync] Stopped: Saved Tab Group
2026-02-16 20:31:13.802: [INFO][Sync] Stopped: WebAuthn Credentials
2026-02-16 20:31:13.802: [INFO][Sync] Stopped: Collection
2026-02-16 20:31:13.803: [INFO][Sync] Stopped: Edge E Drop
2026-02-16 20:31:13.803: [INFO][Sync] Stopped: Edge Hub App Usage
2026-02-16 20:31:13.803: [INFO][Sync] Stopped: Edge Wallet
2026-02-16 20:31:13.803: [INFO][Sync] Stopped: Edge Workspace
2026-02-16 20:31:13.803: [INFO][Sync] SyncState after authenticated was: NotSignedIn
2026-02-16 20:31:13.957: [INFO][Sync] Reset engine, reason: 8
2026-02-16 20:31:13.957: [INFO][Sync] Stopped: Bookmarks
2026-02-16 20:31:13.957: [INFO][Sync] Stopped: Preferences
2026-02-16 20:31:13.957: [INFO][Sync] Stopped: Passwords
2026-02-16 20:31:13.957: [INFO][Sync] Stopped: Autofill Profiles
2026-02-16 20:31:13.957: [INFO][Sync] Stopped: Autofill
2026-02-16 20:31:13.957: [INFO][Sync] Stopped: Extensions
2026-02-16 20:31:13.957: [INFO][Sync] Stopped: Sessions
2026-02-16 20:31:13.957: [INFO][Sync] Stopped: Extension settings
2026-02-16 20:31:13.957: [INFO][Sync] Stopped: History Delete Directives
2026-02-16 20:31:13.957: [INFO][Sync] Stopped: Device Info
2026-02-16 20:31:13.957: [INFO][Sync] Stopped: User Consents
2026-02-16 20:31:13.957: [INFO][Sync] Stopped: Send Tab To Self
2026-02-16 20:31:13.957: [INFO][Sync] Stopped: Web Apps
2026-02-16 20:31:13.957: [INFO][Sync] Stopped: History
2026-02-16 20:31:13.957: [INFO][Sync] Stopped: Saved Tab Group
2026-02-16 20:31:13.957: [INFO][Sync] Stopped: WebAuthn Credentials
2026-02-16 20:31:13.957: [INFO][Sync] Stopped: Collection
2026-02-16 20:31:13.957: [INFO][Sync] Stopped: Edge E Drop
2026-02-16 20:31:13.957: [INFO][Sync] Stopped: Edge Hub App Usage
2026-02-16 20:31:13.957: [INFO][Sync] Stopped: Edge Wallet
2026-02-16 20:31:13.957: [INFO][Sync] Stopped: Edge Workspace
2026-02-16 20:32:03.813: [INFO][Sync] Reset engine, reason: 0
2026-02-16 20:33:49.687: [INFO][Sync] Reset engine, reason: 8
2026-02-16 20:33:49.687: [INFO][Sync] Stopped: Bookmarks
2026-02-16 20:33:49.687: [INFO][Sync] Stopped: Preferences
2026-02-16 20:33:49.687: [INFO][Sync] Stopped: Passwords
2026-02-16 20:33:49.687: [INFO][Sync] Stopped: Autofill Profiles
2026-02-16 20:33:49.687: [INFO][Sync] Stopped: Autofill
2026-02-16 20:33:49.687: [INFO][Sync] Stopped: Extensions
2026-02-16 20:33:49.687: [INFO][Sync] Stopped: Sessions
2026-02-16 20:33:49.687: [INFO][Sync] Stopped: Extension settings
2026-02-16 20:33:49.687: [INFO][Sync] Stopped: History Delete Directives
2026-02-16 20:33:49.687: [INFO][Sync] Stopped: Device Info
2026-02-16 20:33:49.687: [INFO][Sync] Stopped: User Consents
2026-02-16 20:33:49.687: [INFO][Sync] Stopped: Send Tab To Self
2026-02-16 20:33:49.687: [INFO][Sync] Stopped: Web Apps
2026-02-16 20:33:49.687: [INFO][Sync] Stopped: History
2026-02-16 20:33:49.687: [INFO][Sync] Stopped: Saved Tab Group
2026-02-16 20:33:49.687: [INFO][Sync] Stopped: WebAuthn Credentials
2026-02-16 20:33:49.687: [INFO][Sync] Stopped: Collection
2026-02-16 20:33:49.687: [INFO][Sync] Stopped: Edge E Drop
2026-02-16 20:33:49.687: [INFO][Sync] Stopped: Edge Hub App Usage
2026-02-16 20:33:49.687: [INFO][Sync] Stopped: Edge Wallet
2026-02-16 20:33:49.687: [INFO][Sync] Stopped: Edge Workspace
2026-02-16 20:33:49.687: [INFO][Sync] SyncState after authenticated was: NotSignedIn
2026-02-16 20:33:49.842: [INFO][Sync] Reset engine, reason: 8
2026-02-16 20:33:49.842: [INFO][Sync] Stopped: Bookmarks
2026-02-16 20:33:49.842: [INFO][Sync] Stopped: Preferences
2026-02-16 20:33:49.842: [INFO][Sync] Stopped: Passwords
2026-02-16 20:33:49.842: [INFO][Sync] Stopped: Autofill Profiles
2026-02-16 20:33:49.842: [INFO][Sync] Stopped: Autofill
2026-02-16 20:33:49.842: [INFO][Sync] Stopped: Extensions
2026-02-16 20:33:49.842: [INFO][Sync] Stopped: Sessions
2026-02-16 20:33:49.842: [INFO][Sync] Stopped: Extension settings
2026-02-16 20:33:49.842: [INFO][Sync] Stopped: History Delete Directives
2026-02-16 20:33:49.842: [INFO][Sync] Stopped: Device Info
2026-02-16 20:33:49.842: [INFO][Sync] Stopped: User Consents
2026-02-16 20:33:49.842: [INFO][Sync] Stopped: Send Tab To Self
2026-02-16 20:33:49.842: [INFO][Sync] Stopped: Web Apps
2026-02-16 20:33:49.842: [INFO][Sync] Stopped: History
2026-02-16 20:33:49.842: [INFO][Sync] Stopped: Saved Tab Group
2026-02-16 20:33:49.842: [INFO][Sync] Stopped: WebAuthn Credentials
2026-02-16 20:33:49.842: [INFO][Sync] Stopped: Collection
2026-02-16 20:33:49.842: [INFO][Sync] Stopped: Edge E Drop
2026-02-16 20:33:49.842: [INFO][Sync] Stopped: Edge Hub App Usage
2026-02-16 20:33:49.842: [INFO][Sync] Stopped: Edge Wallet
2026-02-16 20:33:49.842: [INFO][Sync] Stopped: Edge Workspace
2026-02-16 20:36:49.076: [INFO][Sync] Reset engine, reason: 0
2026-02-16 20:36:51.765: [INFO][Sync] Reset engine, reason: 8
2026-02-16 20:36:51.765: [INFO][Sync] Stopped: Bookmarks
2026-02-16 20:36:51.765: [INFO][Sync] Stopped: Preferences
2026-02-16 20:36:51.765: [INFO][Sync] Stopped: Passwords
2026-02-16 20:36:51.765: [INFO][Sync] Stopped: Autofill Profiles
2026-02-16 20:36:51.765: [INFO][Sync] Stopped: Autofill
2026-02-16 20:36:51.765: [INFO][Sync] Stopped: Extensions
2026-02-16 20:36:51.765: [INFO][Sync] Stopped: Sessions
2026-02-16 20:36:51.765: [INFO][Sync] Stopped: Extension settings
2026-02-16 20:36:51.765: [INFO][Sync] Stopped: History Delete Directives
2026-02-16 20:36:51.765: [INFO][Sync] Stopped: Device Info
2026-02-16 20:36:51.765: [INFO][Sync] Stopped: User Consents
2026-02-16 20:36:51.765: [INFO][Sync] Stopped: Send Tab To Self
2026-02-16 20:36:51.765: [INFO][Sync] Stopped: Web Apps
2026-02-16 20:36:51.765: [INFO][Sync] Stopped: History
2026-02-16 20:36:51.765: [INFO][Sync] Stopped: Saved Tab Group
2026-02-16 20:36:51.765: [INFO][Sync] Stopped: WebAuthn Credentials
2026-02-16 20:36:51.765: [INFO][Sync] Stopped: Collection
2026-02-16 20:36:51.765: [INFO][Sync] Stopped: Edge E Drop
2026-02-16 20:36:51.765: [INFO][Sync] Stopped: Edge Hub App Usage
2026-02-16 20:36:51.765: [INFO][Sync] Stopped: Edge Wallet
2026-02-16 20:36:51.765: [INFO][Sync] Stopped: Edge Workspace
2026-02-16 20:36:51.765: [INFO][Sync] SyncState after authenticated was: NotSignedIn
2026-02-16 20:36:51.926: [INFO][Sync] Reset engine, reason: 8
2026-02-16 20:36:51.926: [INFO][Sync] Stopped: Bookmarks
2026-02-16 20:36:51.926: [INFO][Sync] Stopped: Preferences
2026-02-16 20:36:51.926: [INFO][Sync] Stopped: Passwords
2026-02-16 20:36:51.926: [INFO][Sync] Stopped: Autofill Profiles
2026-02-16 20:36:51.926: [INFO][Sync] Stopped: Autofill
2026-02-16 20:36:51.926: [INFO][Sync] Stopped: Extensions
2026-02-16 20:36:51.926: [INFO][Sync] Stopped: Sessions
2026-02-16 20:36:51.926: [INFO][Sync] Stopped: Extension settings
2026-02-16 20:36:51.926: [INFO][Sync] Stopped: History Delete Directives
2026-02-16 20:36:51.926: [INFO][Sync] Stopped: Device Info
2026-02-16 20:36:51.926: [INFO][Sync] Stopped: User Consents
2026-02-16 20:36:51.926: [INFO][Sync] Stopped: Send Tab To Self
2026-02-16 20:36:51.926: [INFO][Sync] Stopped: Web Apps
2026-02-16 20:36:51.926: [INFO][Sync] Stopped: History
2026-02-16 20:36:51.926: [INFO][Sync] Stopped: Saved Tab Group
2026-02-16 20:36:51.926: [INFO][Sync] Stopped: WebAuthn Credentials
2026-02-16 20:36:51.926: [INFO][Sync] Stopped: Collection
2026-02-16 20:36:51.926: [INFO][Sync] Stopped: Edge E Drop
2026-02-16 20:36:51.926: [INFO][Sync] Stopped: Edge Hub App Usage
2026-02-16 20:36:51.926: [INFO][Sync] Stopped: Edge Wallet
2026-02-16 20:36:51.926: [INFO][Sync] Stopped: Edge Workspace
2026-02-16 20:37:52.999: [INFO][Sync] Reset engine, reason: 0
2026-02-17 16:09:36.595: [INFO][Sync] Reset engine, reason: 8
2026-02-17 16:09:36.595: [INFO][Sync] Stopped: Bookmarks
2026-02-17 16:09:36.595: [INFO][Sync] Stopped: Preferences
2026-02-17 16:09:36.595: [INFO][Sync] Stopped: Passwords
2026-02-17 16:09:36.595: [INFO][Sync] Stopped: Autofill Profiles
2026-02-17 16:09:36.595: [INFO][Sync] Stopped: Autofill
2026-02-17 16:09:36.595: [INFO][Sync] Stopped: Extensions
2026-02-17 16:09:36.595: [INFO][Sync] Stopped: Sessions
2026-02-17 16:09:36.595: [INFO][Sync] Stopped: Extension settings
2026-02-17 16:09:36.595: [INFO][Sync] Stopped: History Delete Directives
2026-02-17 16:09:36.595: [INFO][Sync] Stopped: Device Info
2026-02-17 16:09:36.595: [INFO][Sync] Stopped: User Consents
2026-02-17 16:09:36.595: [INFO][Sync] Stopped: Send Tab To Self
2026-02-17 16:09:36.595: [INFO][Sync] Stopped: Web Apps
2026-02-17 16:09:36.595: [INFO][Sync] Stopped: History
2026-02-17 16:09:36.595: [INFO][Sync] Stopped: Saved Tab Group
2026-02-17 16:09:36.595: [INFO][Sync] Stopped: WebAuthn Credentials
2026-02-17 16:09:36.595: [INFO][Sync] Stopped: Collection
2026-02-17 16:09:36.595: [INFO][Sync] Stopped: Edge E Drop
2026-02-17 16:09:36.595: [INFO][Sync] Stopped: Edge Hub App Usage
2026-02-17 16:09:36.595: [INFO][Sync] Stopped: Edge Wallet
2026-02-17 16:09:36.595: [INFO][Sync] Stopped: Edge Workspace
2026-02-17 16:09:36.595: [INFO][Sync] SyncState after authenticated was: NotSignedIn
2026-02-17 16:09:36.722: [INFO][Sync] Reset engine, reason: 8
2026-02-17 16:09:36.722: [INFO][Sync] Stopped: Bookmarks
2026-02-17 16:09:36.722: [INFO][Sync] Stopped: Preferences
2026-02-17 16:09:36.722: [INFO][Sync] Stopped: Passwords
2026-02-17 16:09:36.722: [INFO][Sync] Stopped: Autofill Profiles
2026-02-17 16:09:36.722: [INFO][Sync] Stopped: Autofill
2026-02-17 16:09:36.722: [INFO][Sync] Stopped: Extensions
2026-02-17 16:09:36.722: [INFO][Sync] Stopped: Sessions
2026-02-17 16:09:36.722: [INFO][Sync] Stopped: Extension settings
2026-02-17 16:09:36.722: [INFO][Sync] Stopped: History Delete Directives
2026-02-17 16:09:36.722: [INFO][Sync] Stopped: Device Info
2026-02-17 16:09:36.722: [INFO][Sync] Stopped: User Consents
2026-02-17 16:09:36.722: [INFO][Sync] Stopped: Send Tab To Self
2026-02-17 16:09:36.722: [INFO][Sync] Stopped: Web Apps
2026-02-17 16:09:36.722: [INFO][Sync] Stopped: History
2026-02-17 16:09:36.722: [INFO][Sync] Stopped: Saved Tab Group
2026-02-17 16:09:36.722: [INFO][Sync] Stopped: WebAuthn Credentials
2026-02-17 16:09:36.722: [INFO][Sync] Stopped: Collection
2026-02-17 16:09:36.722: [INFO][Sync] Stopped: Edge E Drop
2026-02-17 16:09:36.722: [INFO][Sync] Stopped: Edge Hub App Usage
2026-02-17 16:09:36.722: [INFO][Sync] Stopped: Edge Wallet
2026-02-17 16:09:36.722: [INFO][Sync] Stopped: Edge Workspace
2026-02-17 16:11:25.903: [INFO][Sync] Reset engine, reason: 0
2026-02-17 17:15:10.206: [INFO][Sync] Reset engine, reason: 8
2026-02-17 17:15:10.206: [INFO][Sync] Stopped: Bookmarks
2026-02-17 17:15:10.206: [INFO][Sync] Stopped: Preferences
2026-02-17 17:15:10.206: [INFO][Sync] Stopped: Passwords
2026-02-17 17:15:10.206: [INFO][Sync] Stopped: Autofill Profiles
2026-02-17 17:15:10.206: [INFO][Sync] Stopped: Autofill
2026-02-17 17:15:10.206: [INFO][Sync] Stopped: Extensions
2026-02-17 17:15:10.206: [INFO][Sync] Stopped: Sessions
2026-02-17 17:15:10.206: [INFO][Sync] Stopped: Extension settings
2026-02-17 17:15:10.206: [INFO][Sync] Stopped: History Delete Directives
2026-02-17 17:15:10.206: [INFO][Sync] Stopped: Device Info
2026-02-17 17:15:10.206: [INFO][Sync] Stopped: User Consents
2026-02-17 17:15:10.206: [INFO][Sync] Stopped: Send Tab To Self
2026-02-17 17:15:10.206: [INFO][Sync] Stopped: Web Apps
2026-02-17 17:15:10.206: [INFO][Sync] Stopped: History
2026-02-17 17:15:10.206: [INFO][Sync] Stopped: Saved Tab Group
2026-02-17 17:15:10.206: [INFO][Sync] Stopped: WebAuthn Credentials
2026-02-17 17:15:10.206: [INFO][Sync] Stopped: Collection
2026-02-17 17:15:10.206: [INFO][Sync] Stopped: Edge E Drop
2026-02-17 17:15:10.206: [INFO][Sync] Stopped: Edge Hub App Usage
2026-02-17 17:15:10.206: [INFO][Sync] Stopped: Edge Wallet
2026-02-17 17:15:10.206: [INFO][Sync] Stopped: Edge Workspace
2026-02-17 17:15:10.206: [INFO][Sync] SyncState after authenticated was: NotSignedIn
2026-02-17 17:15:10.354: [INFO][Sync] Reset engine, reason: 8
2026-02-17 17:15:10.354: [INFO][Sync] Stopped: Bookmarks
2026-02-17 17:15:10.354: [INFO][Sync] Stopped: Preferences
2026-02-17 17:15:10.354: [INFO][Sync] Stopped: Passwords
2026-02-17 17:15:10.354: [INFO][Sync] Stopped: Autofill Profiles
2026-02-17 17:15:10.354: [INFO][Sync] Stopped: Autofill
2026-02-17 17:15:10.354: [INFO][Sync] Stopped: Extensions
2026-02-17 17:15:10.354: [INFO][Sync] Stopped: Sessions
2026-02-17 17:15:10.354: [INFO][Sync] Stopped: Extension settings
2026-02-17 17:15:10.354: [INFO][Sync] Stopped: History Delete Directives
2026-02-17 17:15:10.354: [INFO][Sync] Stopped: Device Info
2026-02-17 17:15:10.354: [INFO][Sync] Stopped: User Consents
2026-02-17 17:15:10.354: [INFO][Sync] Stopped: Send Tab To Self
2026-02-17 17:15:10.354: [INFO][Sync] Stopped: Web Apps
2026-02-17 17:15:10.354: [INFO][Sync] Stopped: History
2026-02-17 17:15:10.354: [INFO][Sync] Stopped: Saved Tab Group
2026-02-17 17:15:10.354: [INFO][Sync] Stopped: WebAuthn Credentials
2026-02-17 17:15:10.354: [INFO][Sync] Stopped: Collection
2026-02-17 17:15:10.354: [INFO][Sync] Stopped: Edge E Drop
2026-02-17 17:15:10.354: [INFO][Sync] Stopped: Edge Hub App Usage
2026-02-17 17:15:10.354: [INFO][Sync] Stopped: Edge Wallet
2026-02-17 17:15:10.354: [INFO][Sync] Stopped: Edge Workspace
2026-02-17 17:16:58.211: [INFO][Sync] Reset engine, reason: 0
2026-02-17 17:25:40.598: [INFO][Sync] Reset engine, reason: 8
2026-02-17 17:25:40.598: [INFO][Sync] Stopped: Bookmarks
2026-02-17 17:25:40.598: [INFO][Sync] Stopped: Preferences
2026-02-17 17:25:40.598: [INFO][Sync] Stopped: Passwords
2026-02-17 17:25:40.598: [INFO][Sync] Stopped: Autofill Profiles
2026-02-17 17:25:40.598: [INFO][Sync] Stopped: Autofill
2026-02-17 17:25:40.598: [INFO][Sync] Stopped: Extensions
2026-02-17 17:25:40.598: [INFO][Sync] Stopped: Sessions
2026-02-17 17:25:40.598: [INFO][Sync] Stopped: Extension settings
2026-02-17 17:25:40.598: [INFO][Sync] Stopped: History Delete Directives
2026-02-17 17:25:40.598: [INFO][Sync] Stopped: Device Info
2026-02-17 17:25:40.598: [INFO][Sync] Stopped: User Consents
2026-02-17 17:25:40.598: [INFO][Sync] Stopped: Send Tab To Self
2026-02-17 17:25:40.598: [INFO][Sync] Stopped: Web Apps
2026-02-17 17:25:40.598: [INFO][Sync] Stopped: History
2026-02-17 17:25:40.598: [INFO][Sync] Stopped: Saved Tab Group
2026-02-17 17:25:40.598: [INFO][Sync] Stopped: WebAuthn Credentials
2026-02-17 17:25:40.598: [INFO][Sync] Stopped: Collection
2026-02-17 17:25:40.598: [INFO][Sync] Stopped: Edge E Drop
2026-02-17 17:25:40.598: [INFO][Sync] Stopped: Edge Hub App Usage
2026-02-17 17:25:40.598: [INFO][Sync] Stopped: Edge Wallet
2026-02-17 17:25:40.598: [INFO][Sync] Stopped: Edge Workspace
2026-02-17 17:25:40.598: [INFO][Sync] SyncState after authenticated was: NotSignedIn
2026-02-17 17:25:40.725: [INFO][Sync] Reset engine, reason: 8
2026-02-17 17:25:40.725: [INFO][Sync] Stopped: Bookmarks
2026-02-17 17:25:40.725: [INFO][Sync] Stopped: Preferences
2026-02-17 17:25:40.725: [INFO][Sync] Stopped: Passwords
2026-02-17 17:25:40.725: [INFO][Sync] Stopped: Autofill Profiles
2026-02-17 17:25:40.725: [INFO][Sync] Stopped: Autofill
2026-02-17 17:25:40.725: [INFO][Sync] Stopped: Extensions
2026-02-17 17:25:40.725: [INFO][Sync] Stopped: Sessions
2026-02-17 17:25:40.725: [INFO][Sync] Stopped: Extension settings
2026-02-17 17:25:40.725: [INFO][Sync] Stopped: History Delete Directives
2026-02-17 17:25:40.725: [INFO][Sync] Stopped: Device Info
2026-02-17 17:25:40.725: [INFO][Sync] Stopped: User Consents
2026-02-17 17:25:40.725: [INFO][Sync] Stopped: Send Tab To Self
2026-02-17 17:25:40.725: [INFO][Sync] Stopped: Web Apps
2026-02-17 17:25:40.725: [INFO][Sync] Stopped: History
2026-02-17 17:25:40.725: [INFO][Sync] Stopped: Saved Tab Group
2026-02-17 17:25:40.725: [INFO][Sync] Stopped: WebAuthn Credentials
2026-02-17 17:25:40.725: [INFO][Sync] Stopped: Collection
2026-02-17 17:25:40.725: [INFO][Sync] Stopped: Edge E Drop
2026-02-17 17:25:40.725: [INFO][Sync] Stopped: Edge Hub App Usage
2026-02-17 17:25:40.725: [INFO][Sync] Stopped: Edge Wallet
2026-02-17 17:25:40.725: [INFO][Sync] Stopped: Edge Workspace
2026-02-17 17:26:54.154: [INFO][Sync] Reset engine, reason: 0
2026-02-17 19:31:54.272: [INFO][Sync] Reset engine, reason: 8
2026-02-17 19:31:54.272: [INFO][Sync] Stopped: Bookmarks
2026-02-17 19:31:54.272: [INFO][Sync] Stopped: Preferences
2026-02-17 19:31:54.272: [INFO][Sync] Stopped: Passwords
2026-02-17 19:31:54.272: [INFO][Sync] Stopped: Autofill Profiles
2026-02-17 19:31:54.272: [INFO][Sync] Stopped: Autofill
2026-02-17 19:31:54.272: [INFO][Sync] Stopped: Extensions
2026-02-17 19:31:54.272: [INFO][Sync] Stopped: Sessions
2026-02-17 19:31:54.272: [INFO][Sync] Stopped: Extension settings
2026-02-17 19:31:54.272: [INFO][Sync] Stopped: History Delete Directives
2026-02-17 19:31:54.272: [INFO][Sync] Stopped: Device Info
2026-02-17 19:31:54.272: [INFO][Sync] Stopped: User Consents
2026-02-17 19:31:54.272: [INFO][Sync] Stopped: Send Tab To Self
2026-02-17 19:31:54.272: [INFO][Sync] Stopped: Web Apps
2026-02-17 19:31:54.272: [INFO][Sync] Stopped: History
2026-02-17 19:31:54.272: [INFO][Sync] Stopped: Saved Tab Group
2026-02-17 19:31:54.272: [INFO][Sync] Stopped: WebAuthn Credentials
2026-02-17 19:31:54.272: [INFO][Sync] Stopped: Collection
2026-02-17 19:31:54.272: [INFO][Sync] Stopped: Edge E Drop
2026-02-17 19:31:54.272: [INFO][Sync] Stopped: Edge Hub App Usage
2026-02-17 19:31:54.272: [INFO][Sync] Stopped: Edge Wallet
2026-02-17 19:31:54.272: [INFO][Sync] Stopped: Edge Workspace
2026-02-17 19:31:54.272: [INFO][Sync] SyncState after authenticated was: NotSignedIn
2026-02-17 19:31:54.464: [INFO][Sync] Reset engine, reason: 8
2026-02-17 19:31:54.464: [INFO][Sync] Stopped: Bookmarks
2026-02-17 19:31:54.464: [INFO][Sync] Stopped: Preferences
2026-02-17 19:31:54.464: [INFO][Sync] Stopped: Passwords
2026-02-17 19:31:54.464: [INFO][Sync] Stopped: Autofill Profiles
2026-02-17 19:31:54.464: [INFO][Sync] Stopped: Autofill
2026-02-17 19:31:54.464: [INFO][Sync] Stopped: Extensions
2026-02-17 19:31:54.464: [INFO][Sync] Stopped: Sessions
2026-02-17 19:31:54.464: [INFO][Sync] Stopped: Extension settings
2026-02-17 19:31:54.464: [INFO][Sync] Stopped: History Delete Directives
2026-02-17 19:31:54.464: [INFO][Sync] Stopped: Device Info
2026-02-17 19:31:54.464: [INFO][Sync] Stopped: User Consents
2026-02-17 19:31:54.464: [INFO][Sync] Stopped: Send Tab To Self
2026-02-17 19:31:54.464: [INFO][Sync] Stopped: Web Apps
2026-02-17 19:31:54.464: [INFO][Sync] Stopped: History
2026-02-17 19:31:54.464: [INFO][Sync] Stopped: Saved Tab Group
2026-02-17 19:31:54.464: [INFO][Sync] Stopped: WebAuthn Credentials
2026-02-17 19:31:54.464: [INFO][Sync] Stopped: Collection
2026-02-17 19:31:54.464: [INFO][Sync] Stopped: Edge E Drop
2026-02-17 19:31:54.464: [INFO][Sync] Stopped: Edge Hub App Usage
2026-02-17 19:31:54.464: [INFO][Sync] Stopped: Edge Wallet
2026-02-17 19:31:54.464: [INFO][Sync] Stopped: Edge Workspace
2026-02-17 19:33:14.513: [INFO][Sync] Reset engine, reason: 0
2026-02-18 16:10:56.069: [INFO][Sync] Reset engine, reason: 8
2026-02-18 16:10:56.069: [INFO][Sync] Stopped: Bookmarks
2026-02-18 16:10:56.069: [INFO][Sync] Stopped: Preferences
2026-02-18 16:10:56.069: [INFO][Sync] Stopped: Passwords
2026-02-18 16:10:56.069: [INFO][Sync] Stopped: Autofill Profiles
2026-02-18 16:10:56.069: [INFO][Sync] Stopped: Autofill
2026-02-18 16:10:56.069: [INFO][Sync] Stopped: Extensions
2026-02-18 16:10:56.069: [INFO][Sync] Stopped: Sessions
2026-02-18 16:10:56.069: [INFO][Sync] Stopped: Extension settings
2026-02-18 16:10:56.069: [INFO][Sync] Stopped: History Delete Directives
2026-02-18 16:10:56.069: [INFO][Sync] Stopped: Device Info
2026-02-18 16:10:56.069: [INFO][Sync] Stopped: User Consents
2026-02-18 16:10:56.069: [INFO][Sync] Stopped: Send Tab To Self
2026-02-18 16:10:56.069: [INFO][Sync] Stopped: Web Apps
2026-02-18 16:10:56.069: [INFO][Sync] Stopped: History
2026-02-18 16:10:56.069: [INFO][Sync] Stopped: Saved Tab Group
2026-02-18 16:10:56.069: [INFO][Sync] Stopped: WebAuthn Credentials
2026-02-18 16:10:56.069: [INFO][Sync] Stopped: Collection
2026-02-18 16:10:56.069: [INFO][Sync] Stopped: Edge E Drop
2026-02-18 16:10:56.069: [INFO][Sync] Stopped: Edge Hub App Usage
2026-02-18 16:10:56.069: [INFO][Sync] Stopped: Edge Wallet
2026-02-18 16:10:56.069: [INFO][Sync] Stopped: Edge Workspace
2026-02-18 16:10:56.069: [INFO][Sync] SyncState after authenticated was: NotSignedIn
2026-02-18 16:10:56.196: [INFO][Sync] Reset engine, reason: 8
2026-02-18 16:10:56.196: [INFO][Sync] Stopped: Bookmarks
2026-02-18 16:10:56.196: [INFO][Sync] Stopped: Preferences
2026-02-18 16:10:56.196: [INFO][Sync] Stopped: Passwords
2026-02-18 16:10:56.197: [INFO][Sync] Stopped: Autofill Profiles
2026-02-18 16:10:56.197: [INFO][Sync] Stopped: Autofill
2026-02-18 16:10:56.197: [INFO][Sync] Stopped: Extensions
2026-02-18 16:10:56.197: [INFO][Sync] Stopped: Sessions
2026-02-18 16:10:56.197: [INFO][Sync] Stopped: Extension settings
2026-02-18 16:10:56.197: [INFO][Sync] Stopped: History Delete Directives
2026-02-18 16:10:56.197: [INFO][Sync] Stopped: Device Info
2026-02-18 16:10:56.197: [INFO][Sync] Stopped: User Consents
2026-02-18 16:10:56.197: [INFO][Sync] Stopped: Send Tab To Self
2026-02-18 16:10:56.197: [INFO][Sync] Stopped: Web Apps
2026-02-18 16:10:56.197: [INFO][Sync] Stopped: History
2026-02-18 16:10:56.197: [INFO][Sync] Stopped: Saved Tab Group
2026-02-18 16:10:56.197: [INFO][Sync] Stopped: WebAuthn Credentials
2026-02-18 16:10:56.197: [INFO][Sync] Stopped: Collection
2026-02-18 16:10:56.197: [INFO][Sync] Stopped: Edge E Drop
2026-02-18 16:10:56.197: [INFO][Sync] Stopped: Edge Hub App Usage
2026-02-18 16:10:56.197: [INFO][Sync] Stopped: Edge Wallet
2026-02-18 16:10:56.197: [INFO][Sync] Stopped: Edge Workspace
2026-02-18 16:12:56.417: [INFO][Sync] Reset engine, reason: 0
2026-02-19 16:16:30.236: [INFO][Sync] Reset engine, reason: 8
2026-02-19 16:16:30.236: [INFO][Sync] Stopped: Bookmarks
2026-02-19 16:16:30.236: [INFO][Sync] Stopped: Preferences
2026-02-19 16:16:30.236: [INFO][Sync] Stopped: Passwords
2026-02-19 16:16:30.236: [INFO][Sync] Stopped: Autofill Profiles
2026-02-19 16:16:30.236: [INFO][Sync] Stopped: Autofill
2026-02-19 16:16:30.236: [INFO][Sync] Stopped: Extensions
2026-02-19 16:16:30.236: [INFO][Sync] Stopped: Sessions
2026-02-19 16:16:30.236: [INFO][Sync] Stopped: Extension settings
2026-02-19 16:16:30.236: [INFO][Sync] Stopped: History Delete Directives
2026-02-19 16:16:30.236: [INFO][Sync] Stopped: Device Info
2026-02-19 16:16:30.236: [INFO][Sync] Stopped: User Consents
2026-02-19 16:16:30.236: [INFO][Sync] Stopped: Send Tab To Self
2026-02-19 16:16:30.236: [INFO][Sync] Stopped: Web Apps
2026-02-19 16:16:30.236: [INFO][Sync] Stopped: History
2026-02-19 16:16:30.236: [INFO][Sync] Stopped: Saved Tab Group
2026-02-19 16:16:30.236: [INFO][Sync] Stopped: WebAuthn Credentials
2026-02-19 16:16:30.236: [INFO][Sync] Stopped: Collection
2026-02-19 16:16:30.236: [INFO][Sync] Stopped: Edge E Drop
2026-02-19 16:16:30.236: [INFO][Sync] Stopped: Edge Hub App Usage
2026-02-19 16:16:30.236: [INFO][Sync] Stopped: Edge Wallet
2026-02-19 16:16:30.236: [INFO][Sync] Stopped: Edge Workspace
2026-02-19 16:16:30.236: [INFO][Sync] SyncState after authenticated was: NotSignedIn
2026-02-19 16:16:30.369: [INFO][Sync] Reset engine, reason: 8
2026-02-19 16:16:30.369: [INFO][Sync] Stopped: Bookmarks
2026-02-19 16:16:30.369: [INFO][Sync] Stopped: Preferences
2026-02-19 16:16:30.369: [INFO][Sync] Stopped: Passwords
2026-02-19 16:16:30.369: [INFO][Sync] Stopped: Autofill Profiles
2026-02-19 16:16:30.369: [INFO][Sync] Stopped: Autofill
2026-02-19 16:16:30.369: [INFO][Sync] Stopped: Extensions
2026-02-19 16:16:30.369: [INFO][Sync] Stopped: Sessions
2026-02-19 16:16:30.369: [INFO][Sync] Stopped: Extension settings
2026-02-19 16:16:30.369: [INFO][Sync] Stopped: History Delete Directives
2026-02-19 16:16:30.369: [INFO][Sync] Stopped: Device Info
2026-02-19 16:16:30.369: [INFO][Sync] Stopped: User Consents
2026-02-19 16:16:30.369: [INFO][Sync] Stopped: Send Tab To Self
2026-02-19 16:16:30.369: [INFO][Sync] Stopped: Web Apps
2026-02-19 16:16:30.369: [INFO][Sync] Stopped: History
2026-02-19 16:16:30.369: [INFO][Sync] Stopped: Saved Tab Group
2026-02-19 16:16:30.369: [INFO][Sync] Stopped: WebAuthn Credentials
2026-02-19 16:16:30.369: [INFO][Sync] Stopped: Collection
2026-02-19 16:16:30.369: [INFO][Sync] Stopped: Edge E Drop
2026-02-19 16:16:30.369: [INFO][Sync] Stopped: Edge Hub App Usage
2026-02-19 16:16:30.369: [INFO][Sync] Stopped: Edge Wallet
2026-02-19 16:16:30.369: [INFO][Sync] Stopped: Edge Workspace
2026-02-19 16:16:40.366: [INFO][Sync] Reset engine, reason: 0
2026-02-19 16:17:56.605: [INFO][Sync] Reset engine, reason: 8
2026-02-19 16:17:56.605: [INFO][Sync] Stopped: Bookmarks
2026-02-19 16:17:56.605: [INFO][Sync] Stopped: Preferences
2026-02-19 16:17:56.605: [INFO][Sync] Stopped: Passwords
2026-02-19 16:17:56.605: [INFO][Sync] Stopped: Autofill Profiles
2026-02-19 16:17:56.605: [INFO][Sync] Stopped: Autofill
2026-02-19 16:17:56.605: [INFO][Sync] Stopped: Extensions
2026-02-19 16:17:56.605: [INFO][Sync] Stopped: Sessions
2026-02-19 16:17:56.605: [INFO][Sync] Stopped: Extension settings
2026-02-19 16:17:56.605: [INFO][Sync] Stopped: History Delete Directives
2026-02-19 16:17:56.605: [INFO][Sync] Stopped: Device Info
2026-02-19 16:17:56.605: [INFO][Sync] Stopped: User Consents
2026-02-19 16:17:56.605: [INFO][Sync] Stopped: Send Tab To Self
2026-02-19 16:17:56.605: [INFO][Sync] Stopped: Web Apps
2026-02-19 16:17:56.605: [INFO][Sync] Stopped: History
2026-02-19 16:17:56.605: [INFO][Sync] Stopped: Saved Tab Group
2026-02-19 16:17:56.605: [INFO][Sync] Stopped: WebAuthn Credentials
2026-02-19 16:17:56.605: [INFO][Sync] Stopped: Collection
2026-02-19 16:17:56.605: [INFO][Sync] Stopped: Edge E Drop
2026-02-19 16:17:56.605: [INFO][Sync] Stopped: Edge Hub App Usage
2026-02-19 16:17:56.605: [INFO][Sync] Stopped: Edge Wallet
2026-02-19 16:17:56.605: [INFO][Sync] Stopped: Edge Workspace
2026-02-19 16:17:56.605: [INFO][Sync] SyncState after authenticated was: NotSignedIn
2026-02-19 16:17:56.732: [INFO][Sync] Reset engine, reason: 8
2026-02-19 16:17:56.732: [INFO][Sync] Stopped: Bookmarks
2026-02-19 16:17:56.732: [INFO][Sync] Stopped: Preferences
2026-02-19 16:17:56.732: [INFO][Sync] Stopped: Passwords
2026-02-19 16:17:56.732: [INFO][Sync] Stopped: Autofill Profiles
2026-02-19 16:17:56.732: [INFO][Sync] Stopped: Autofill
2026-02-19 16:17:56.732: [INFO][Sync] Stopped: Extensions
2026-02-19 16:17:56.732: [INFO][Sync] Stopped: Sessions
2026-02-19 16:17:56.732: [INFO][Sync] Stopped: Extension settings
2026-02-19 16:17:56.732: [INFO][Sync] Stopped: History Delete Directives
2026-02-19 16:17:56.732: [INFO][Sync] Stopped: Device Info
2026-02-19 16:17:56.732: [INFO][Sync] Stopped: User Consents
2026-02-19 16:17:56.732: [INFO][Sync] Stopped: Send Tab To Self
2026-02-19 16:17:56.732: [INFO][Sync] Stopped: Web Apps
2026-02-19 16:17:56.732: [INFO][Sync] Stopped: History
2026-02-19 16:17:56.732: [INFO][Sync] Stopped: Saved Tab Group
2026-02-19 16:17:56.732: [INFO][Sync] Stopped: WebAuthn Credentials
2026-02-19 16:17:56.732: [INFO][Sync] Stopped: Collection
2026-02-19 16:17:56.732: [INFO][Sync] Stopped: Edge E Drop
2026-02-19 16:17:56.732: [INFO][Sync] Stopped: Edge Hub App Usage
2026-02-19 16:17:56.732: [INFO][Sync] Stopped: Edge Wallet
2026-02-19 16:17:56.732: [INFO][Sync] Stopped: Edge Workspace
2026-02-19 16:18:05.034: [INFO][Sync] Reset engine, reason: 0
2026-02-19 16:23:35.307: [INFO][Sync] Reset engine, reason: 8
2026-02-19 16:23:35.307: [INFO][Sync] Stopped: Bookmarks
2026-02-19 16:23:35.307: [INFO][Sync] Stopped: Preferences
2026-02-19 16:23:35.307: [INFO][Sync] Stopped: Passwords
2026-02-19 16:23:35.307: [INFO][Sync] Stopped: Autofill Profiles
2026-02-19 16:23:35.307: [INFO][Sync] Stopped: Autofill
2026-02-19 16:23:35.307: [INFO][Sync] Stopped: Extensions
2026-02-19 16:23:35.307: [INFO][Sync] Stopped: Sessions
2026-02-19 16:23:35.307: [INFO][Sync] Stopped: Extension settings
2026-02-19 16:23:35.307: [INFO][Sync] Stopped: History Delete Directives
2026-02-19 16:23:35.307: [INFO][Sync] Stopped: Device Info
2026-02-19 16:23:35.307: [INFO][Sync] Stopped: User Consents
2026-02-19 16:23:35.307: [INFO][Sync] Stopped: Send Tab To Self
2026-02-19 16:23:35.307: [INFO][Sync] Stopped: Web Apps
2026-02-19 16:23:35.307: [INFO][Sync] Stopped: History
2026-02-19 16:23:35.307: [INFO][Sync] Stopped: Saved Tab Group
2026-02-19 16:23:35.307: [INFO][Sync] Stopped: WebAuthn Credentials
2026-02-19 16:23:35.307: [INFO][Sync] Stopped: Collection
2026-02-19 16:23:35.307: [INFO][Sync] Stopped: Edge E Drop
2026-02-19 16:23:35.307: [INFO][Sync] Stopped: Edge Hub App Usage
2026-02-19 16:23:35.307: [INFO][Sync] Stopped: Edge Wallet
2026-02-19 16:23:35.307: [INFO][Sync] Stopped: Edge Workspace
2026-02-19 16:23:35.307: [INFO][Sync] SyncState after authenticated was: NotSignedIn
2026-02-19 16:23:35.429: [INFO][Sync] Reset engine, reason: 8
2026-02-19 16:23:35.429: [INFO][Sync] Stopped: Bookmarks
2026-02-19 16:23:35.429: [INFO][Sync] Stopped: Preferences
2026-02-19 16:23:35.429: [INFO][Sync] Stopped: Passwords
2026-02-19 16:23:35.429: [INFO][Sync] Stopped: Autofill Profiles
2026-02-19 16:23:35.429: [INFO][Sync] Stopped: Autofill
2026-02-19 16:23:35.429: [INFO][Sync] Stopped: Extensions
2026-02-19 16:23:35.429: [INFO][Sync] Stopped: Sessions
2026-02-19 16:23:35.429: [INFO][Sync] Stopped: Extension settings
2026-02-19 16:23:35.429: [INFO][Sync] Stopped: History Delete Directives
2026-02-19 16:23:35.429: [INFO][Sync] Stopped: Device Info
2026-02-19 16:23:35.429: [INFO][Sync] Stopped: User Consents
2026-02-19 16:23:35.429: [INFO][Sync] Stopped: Send Tab To Self
2026-02-19 16:23:35.429: [INFO][Sync] Stopped: Web Apps
2026-02-19 16:23:35.429: [INFO][Sync] Stopped: History
2026-02-19 16:23:35.429: [INFO][Sync] Stopped: Saved Tab Group
2026-02-19 16:23:35.429: [INFO][Sync] Stopped: WebAuthn Credentials
2026-02-19 16:23:35.429: [INFO][Sync] Stopped: Collection
2026-02-19 16:23:35.429: [INFO][Sync] Stopped: Edge E Drop
2026-02-19 16:23:35.429: [INFO][Sync] Stopped: Edge Hub App Usage
2026-02-19 16:23:35.429: [INFO][Sync] Stopped: Edge Wallet
2026-02-19 16:23:35.429: [INFO][Sync] Stopped: Edge Workspace
2026-02-19 16:23:45.121: [INFO][Sync] Reset engine, reason: 0
2026-02-19 16:44:31.301: [INFO][Sync] Reset engine, reason: 8
2026-02-19 16:44:31.301: [INFO][Sync] Stopped: Bookmarks
2026-02-19 16:44:31.301: [INFO][Sync] Stopped: Preferences
2026-02-19 16:44:31.302: [INFO][Sync] Stopped: Passwords
2026-02-19 16:44:31.302: [INFO][Sync] Stopped: Autofill Profiles
2026-02-19 16:44:31.302: [INFO][Sync] Stopped: Autofill
2026-02-19 16:44:31.302: [INFO][Sync] Stopped: Extensions
2026-02-19 16:44:31.302: [INFO][Sync] Stopped: Sessions
2026-02-19 16:44:31.302: [INFO][Sync] Stopped: Extension settings
2026-02-19 16:44:31.302: [INFO][Sync] Stopped: History Delete Directives
2026-02-19 16:44:31.302: [INFO][Sync] Stopped: Device Info
2026-02-19 16:44:31.302: [INFO][Sync] Stopped: User Consents
2026-02-19 16:44:31.302: [INFO][Sync] Stopped: Send Tab To Self
2026-02-19 16:44:31.302: [INFO][Sync] Stopped: Web Apps
2026-02-19 16:44:31.302: [INFO][Sync] Stopped: History
2026-02-19 16:44:31.302: [INFO][Sync] Stopped: Saved Tab Group
2026-02-19 16:44:31.302: [INFO][Sync] Stopped: WebAuthn Credentials
2026-02-19 16:44:31.302: [INFO][Sync] Stopped: Collection
2026-02-19 16:44:31.302: [INFO][Sync] Stopped: Edge E Drop
2026-02-19 16:44:31.302: [INFO][Sync] Stopped: Edge Hub App Usage
2026-02-19 16:44:31.302: [INFO][Sync] Stopped: Edge Wallet
2026-02-19 16:44:31.302: [INFO][Sync] Stopped: Edge Workspace
2026-02-19 16:44:31.302: [INFO][Sync] SyncState after authenticated was: NotSignedIn
2026-02-19 16:44:31.429: [INFO][Sync] Reset engine, reason: 8
2026-02-19 16:44:31.429: [INFO][Sync] Stopped: Bookmarks
2026-02-19 16:44:31.429: [INFO][Sync] Stopped: Preferences
2026-02-19 16:44:31.429: [INFO][Sync] Stopped: Passwords
2026-02-19 16:44:31.429: [INFO][Sync] Stopped: Autofill Profiles
2026-02-19 16:44:31.429: [INFO][Sync] Stopped: Autofill
2026-02-19 16:44:31.429: [INFO][Sync] Stopped: Extensions
2026-02-19 16:44:31.429: [INFO][Sync] Stopped: Sessions
2026-02-19 16:44:31.429: [INFO][Sync] Stopped: Extension settings
2026-02-19 16:44:31.429: [INFO][Sync] Stopped: History Delete Directives
2026-02-19 16:44:31.429: [INFO][Sync] Stopped: Device Info
2026-02-19 16:44:31.429: [INFO][Sync] Stopped: User Consents
2026-02-19 16:44:31.429: [INFO][Sync] Stopped: Send Tab To Self
2026-02-19 16:44:31.429: [INFO][Sync] Stopped: Web Apps
2026-02-19 16:44:31.429: [INFO][Sync] Stopped: History
2026-02-19 16:44:31.429: [INFO][Sync] Stopped: Saved Tab Group
2026-02-19 16:44:31.429: [INFO][Sync] Stopped: WebAuthn Credentials
2026-02-19 16:44:31.429: [INFO][Sync] Stopped: Collection
2026-02-19 16:44:31.429: [INFO][Sync] Stopped: Edge E Drop
2026-02-19 16:44:31.429: [INFO][Sync] Stopped: Edge Hub App Usage
2026-02-19 16:44:31.429: [INFO][Sync] Stopped: Edge Wallet
2026-02-19 16:44:31.429: [INFO][Sync] Stopped: Edge Workspace
2026-02-19 16:45:40.333: [INFO][Sync] Reset engine, reason: 0
2026-02-20 17:18:29.355: [INFO][Sync] Reset engine, reason: 8
2026-02-20 17:18:29.355: [INFO][Sync] Stopped: Bookmarks
2026-02-20 17:18:29.355: [INFO][Sync] Stopped: Preferences
2026-02-20 17:18:29.355: [INFO][Sync] Stopped: Passwords
2026-02-20 17:18:29.355: [INFO][Sync] Stopped: Autofill Profiles
2026-02-20 17:18:29.355: [INFO][Sync] Stopped: Autofill
2026-02-20 17:18:29.355: [INFO][Sync] Stopped: Extensions
2026-02-20 17:18:29.355: [INFO][Sync] Stopped: Sessions
2026-02-20 17:18:29.355: [INFO][Sync] Stopped: Extension settings
2026-02-20 17:18:29.355: [INFO][Sync] Stopped: History Delete Directives
2026-02-20 17:18:29.355: [INFO][Sync] Stopped: Device Info
2026-02-20 17:18:29.355: [INFO][Sync] Stopped: User Consents
2026-02-20 17:18:29.355: [INFO][Sync] Stopped: Send Tab To Self
2026-02-20 17:18:29.355: [INFO][Sync] Stopped: Web Apps
2026-02-20 17:18:29.355: [INFO][Sync] Stopped: History
2026-02-20 17:18:29.355: [INFO][Sync] Stopped: Saved Tab Group
2026-02-20 17:18:29.355: [INFO][Sync] Stopped: WebAuthn Credentials
2026-02-20 17:18:29.355: [INFO][Sync] Stopped: Collection
2026-02-20 17:18:29.355: [INFO][Sync] Stopped: Edge E Drop
2026-02-20 17:18:29.355: [INFO][Sync] Stopped: Edge Hub App Usage
2026-02-20 17:18:29.355: [INFO][Sync] Stopped: Edge Wallet
2026-02-20 17:18:29.355: [INFO][Sync] Stopped: Edge Workspace
2026-02-20 17:18:29.355: [INFO][Sync] SyncState after authenticated was: NotSignedIn
2026-02-20 17:18:29.478: [INFO][Sync] Reset engine, reason: 8
2026-02-20 17:18:29.478: [INFO][Sync] Stopped: Bookmarks
2026-02-20 17:18:29.478: [INFO][Sync] Stopped: Preferences
2026-02-20 17:18:29.478: [INFO][Sync] Stopped: Passwords
2026-02-20 17:18:29.478: [INFO][Sync] Stopped: Autofill Profiles
2026-02-20 17:18:29.478: [INFO][Sync] Stopped: Autofill
2026-02-20 17:18:29.478: [INFO][Sync] Stopped: Extensions
2026-02-20 17:18:29.478: [INFO][Sync] Stopped: Sessions
2026-02-20 17:18:29.478: [INFO][Sync] Stopped: Extension settings
2026-02-20 17:18:29.478: [INFO][Sync] Stopped: History Delete Directives
2026-02-20 17:18:29.478: [INFO][Sync] Stopped: Device Info
2026-02-20 17:18:29.478: [INFO][Sync] Stopped: User Consents
2026-02-20 17:18:29.478: [INFO][Sync] Stopped: Send Tab To Self
2026-02-20 17:18:29.478: [INFO][Sync] Stopped: Web Apps
2026-02-20 17:18:29.478: [INFO][Sync] Stopped: History
2026-02-20 17:18:29.478: [INFO][Sync] Stopped: Saved Tab Group
2026-02-20 17:18:29.478: [INFO][Sync] Stopped: WebAuthn Credentials
2026-02-20 17:18:29.478: [INFO][Sync] Stopped: Collection
2026-02-20 17:18:29.478: [INFO][Sync] Stopped: Edge E Drop
2026-02-20 17:18:29.478: [INFO][Sync] Stopped: Edge Hub App Usage
2026-02-20 17:18:29.478: [INFO][Sync] Stopped: Edge Wallet
2026-02-20 17:18:29.478: [INFO][Sync] Stopped: Edge Workspace
2026-02-20 17:20:18.564: [INFO][Sync] Reset engine, reason: 0
2026-02-21 21:39:10.101: [INFO][Sync] Reset engine, reason: 8
2026-02-21 21:39:10.102: [INFO][Sync] Stopped: Bookmarks
2026-02-21 21:39:10.102: [INFO][Sync] Stopped: Preferences
2026-02-21 21:39:10.102: [INFO][Sync] Stopped: Passwords
2026-02-21 21:39:10.102: [INFO][Sync] Stopped: Autofill Profiles
2026-02-21 21:39:10.102: [INFO][Sync] Stopped: Autofill
2026-02-21 21:39:10.102: [INFO][Sync] Stopped: Extensions
2026-02-21 21:39:10.102: [INFO][Sync] Stopped: Sessions
2026-02-21 21:39:10.102: [INFO][Sync] Stopped: Extension settings
2026-02-21 21:39:10.102: [INFO][Sync] Stopped: History Delete Directives
2026-02-21 21:39:10.102: [INFO][Sync] Stopped: Device Info
2026-02-21 21:39:10.102: [INFO][Sync] Stopped: User Consents
2026-02-21 21:39:10.102: [INFO][Sync] Stopped: Send Tab To Self
2026-02-21 21:39:10.102: [INFO][Sync] Stopped: Web Apps
2026-02-21 21:39:10.102: [INFO][Sync] Stopped: History
2026-02-21 21:39:10.102: [INFO][Sync] Stopped: Saved Tab Group
2026-02-21 21:39:10.102: [INFO][Sync] Stopped: WebAuthn Credentials
2026-02-21 21:39:10.102: [INFO][Sync] Stopped: Collection
2026-02-21 21:39:10.102: [INFO][Sync] Stopped: Edge E Drop
2026-02-21 21:39:10.102: [INFO][Sync] Stopped: Edge Hub App Usage
2026-02-21 21:39:10.102: [INFO][Sync] Stopped: Edge Wallet
2026-02-21 21:39:10.102: [INFO][Sync] Stopped: Edge Workspace
2026-02-21 21:39:10.102: [INFO][Sync] SyncState after authenticated was: NotSignedIn
2026-02-21 21:39:10.218: [INFO][Sync] Reset engine, reason: 8
2026-02-21 21:39:10.218: [INFO][Sync] Stopped: Bookmarks
2026-02-21 21:39:10.218: [INFO][Sync] Stopped: Preferences
2026-02-21 21:39:10.218: [INFO][Sync] Stopped: Passwords
2026-02-21 21:39:10.218: [INFO][Sync] Stopped: Autofill Profiles
2026-02-21 21:39:10.218: [INFO][Sync] Stopped: Autofill
2026-02-21 21:39:10.218: [INFO][Sync] Stopped: Extensions
2026-02-21 21:39:10.218: [INFO][Sync] Stopped: Sessions
2026-02-21 21:39:10.218: [INFO][Sync] Stopped: Extension settings
2026-02-21 21:39:10.218: [INFO][Sync] Stopped: History Delete Directives
2026-02-21 21:39:10.218: [INFO][Sync] Stopped: Device Info
2026-02-21 21:39:10.218: [INFO][Sync] Stopped: User Consents
2026-02-21 21:39:10.218: [INFO][Sync] Stopped: Send Tab To Self
2026-02-21 21:39:10.218: [INFO][Sync] Stopped: Web Apps
2026-02-21 21:39:10.218: [INFO][Sync] Stopped: History
2026-02-21 21:39:10.218: [INFO][Sync] Stopped: Saved Tab Group
2026-02-21 21:39:10.218: [INFO][Sync] Stopped: WebAuthn Credentials
2026-02-21 21:39:10.218: [INFO][Sync] Stopped: Collection
2026-02-21 21:39:10.218: [INFO][Sync] Stopped: Edge E Drop
2026-02-21 21:39:10.218: [INFO][Sync] Stopped: Edge Hub App Usage
2026-02-21 21:39:10.218: [INFO][Sync] Stopped: Edge Wallet
2026-02-21 21:39:10.218: [INFO][Sync] Stopped: Edge Workspace
2026-02-21 21:41:16.725: [INFO][Sync] Reset engine, reason: 0
2026-02-21 21:51:47.182: [INFO][Sync] Reset engine, reason: 8
2026-02-21 21:51:47.182: [INFO][Sync] Stopped: Bookmarks
2026-02-21 21:51:47.182: [INFO][Sync] Stopped: Preferences
2026-02-21 21:51:47.182: [INFO][Sync] Stopped: Passwords
2026-02-21 21:51:47.182: [INFO][Sync] Stopped: Autofill Profiles
2026-02-21 21:51:47.182: [INFO][Sync] Stopped: Autofill
2026-02-21 21:51:47.182: [INFO][Sync] Stopped: Extensions
2026-02-21 21:51:47.182: [INFO][Sync] Stopped: Sessions
2026-02-21 21:51:47.182: [INFO][Sync] Stopped: Extension settings
2026-02-21 21:51:47.182: [INFO][Sync] Stopped: History Delete Directives
2026-02-21 21:51:47.182: [INFO][Sync] Stopped: Device Info
2026-02-21 21:51:47.182: [INFO][Sync] Stopped: User Consents
2026-02-21 21:51:47.182: [INFO][Sync] Stopped: Send Tab To Self
2026-02-21 21:51:47.182: [INFO][Sync] Stopped: Web Apps
2026-02-21 21:51:47.182: [INFO][Sync] Stopped: History
2026-02-21 21:51:47.182: [INFO][Sync] Stopped: Saved Tab Group
2026-02-21 21:51:47.182: [INFO][Sync] Stopped: WebAuthn Credentials
2026-02-21 21:51:47.182: [INFO][Sync] Stopped: Collection
2026-02-21 21:51:47.182: [INFO][Sync] Stopped: Edge E Drop
2026-02-21 21:51:47.182: [INFO][Sync] Stopped: Edge Hub App Usage
2026-02-21 21:51:47.182: [INFO][Sync] Stopped: Edge Wallet
2026-02-21 21:51:47.182: [INFO][Sync] Stopped: Edge Workspace
2026-02-21 21:51:47.182: [INFO][Sync] SyncState after authenticated was: NotSignedIn
2026-02-21 21:51:47.294: [INFO][Sync] Reset engine, reason: 8
2026-02-21 21:51:47.294: [INFO][Sync] Stopped: Bookmarks
2026-02-21 21:51:47.294: [INFO][Sync] Stopped: Preferences
2026-02-21 21:51:47.294: [INFO][Sync] Stopped: Passwords
2026-02-21 21:51:47.294: [INFO][Sync] Stopped: Autofill Profiles
2026-02-21 21:51:47.294: [INFO][Sync] Stopped: Autofill
2026-02-21 21:51:47.294: [INFO][Sync] Stopped: Extensions
2026-02-21 21:51:47.294: [INFO][Sync] Stopped: Sessions
2026-02-21 21:51:47.294: [INFO][Sync] Stopped: Extension settings
2026-02-21 21:51:47.294: [INFO][Sync] Stopped: History Delete Directives
2026-02-21 21:51:47.294: [INFO][Sync] Stopped: Device Info
2026-02-21 21:51:47.294: [INFO][Sync] Stopped: User Consents
2026-02-21 21:51:47.294: [INFO][Sync] Stopped: Send Tab To Self
2026-02-21 21:51:47.294: [INFO][Sync] Stopped: Web Apps
2026-02-21 21:51:47.294: [INFO][Sync] Stopped: History
2026-02-21 21:51:47.294: [INFO][Sync] Stopped: Saved Tab Group
2026-02-21 21:51:47.294: [INFO][Sync] Stopped: WebAuthn Credentials
2026-02-21 21:51:47.294: [INFO][Sync] Stopped: Collection
2026-02-21 21:51:47.294: [INFO][Sync] Stopped: Edge E Drop
2026-02-21 21:51:47.294: [INFO][Sync] Stopped: Edge Hub App Usage
2026-02-21 21:51:47.294: [INFO][Sync] Stopped: Edge Wallet
2026-02-21 21:51:47.294: [INFO][Sync] Stopped: Edge Workspace
2026-02-21 21:52:23.118: [INFO][Sync] Reset engine, reason: 0
2026-02-21 21:52:31.254: [INFO][Sync] Reset engine, reason: 8
2026-02-21 21:52:31.254: [INFO][Sync] Stopped: Bookmarks
2026-02-21 21:52:31.254: [INFO][Sync] Stopped: Preferences
2026-02-21 21:52:31.254: [INFO][Sync] Stopped: Passwords
2026-02-21 21:52:31.254: [INFO][Sync] Stopped: Autofill Profiles
2026-02-21 21:52:31.254: [INFO][Sync] Stopped: Autofill
2026-02-21 21:52:31.254: [INFO][Sync] Stopped: Extensions
2026-02-21 21:52:31.254: [INFO][Sync] Stopped: Sessions
2026-02-21 21:52:31.254: [INFO][Sync] Stopped: Extension settings
2026-02-21 21:52:31.254: [INFO][Sync] Stopped: History Delete Directives
2026-02-21 21:52:31.254: [INFO][Sync] Stopped: Device Info
2026-02-21 21:52:31.254: [INFO][Sync] Stopped: User Consents
2026-02-21 21:52:31.254: [INFO][Sync] Stopped: Send Tab To Self
2026-02-21 21:52:31.254: [INFO][Sync] Stopped: Web Apps
2026-02-21 21:52:31.254: [INFO][Sync] Stopped: History
2026-02-21 21:52:31.254: [INFO][Sync] Stopped: Saved Tab Group
2026-02-21 21:52:31.254: [INFO][Sync] Stopped: WebAuthn Credentials
2026-02-21 21:52:31.254: [INFO][Sync] Stopped: Collection
2026-02-21 21:52:31.254: [INFO][Sync] Stopped: Edge E Drop
2026-02-21 21:52:31.254: [INFO][Sync] Stopped: Edge Hub App Usage
2026-02-21 21:52:31.254: [INFO][Sync] Stopped: Edge Wallet
2026-02-21 21:52:31.254: [INFO][Sync] Stopped: Edge Workspace
2026-02-21 21:52:31.254: [INFO][Sync] SyncState after authenticated was: NotSignedIn
2026-02-21 21:52:31.364: [INFO][Sync] Reset engine, reason: 8
2026-02-21 21:52:31.364: [INFO][Sync] Stopped: Bookmarks
2026-02-21 21:52:31.364: [INFO][Sync] Stopped: Preferences
2026-02-21 21:52:31.364: [INFO][Sync] Stopped: Passwords
2026-02-21 21:52:31.364: [INFO][Sync] Stopped: Autofill Profiles
2026-02-21 21:52:31.364: [INFO][Sync] Stopped: Autofill
2026-02-21 21:52:31.364: [INFO][Sync] Stopped: Extensions
2026-02-21 21:52:31.364: [INFO][Sync] Stopped: Sessions
2026-02-21 21:52:31.364: [INFO][Sync] Stopped: Extension settings
2026-02-21 21:52:31.364: [INFO][Sync] Stopped: History Delete Directives
2026-02-21 21:52:31.364: [INFO][Sync] Stopped: Device Info
2026-02-21 21:52:31.364: [INFO][Sync] Stopped: User Consents
2026-02-21 21:52:31.364: [INFO][Sync] Stopped: Send Tab To Self
2026-02-21 21:52:31.364: [INFO][Sync] Stopped: Web Apps
2026-02-21 21:52:31.364: [INFO][Sync] Stopped: History
2026-02-21 21:52:31.364: [INFO][Sync] Stopped: Saved Tab Group
2026-02-21 21:52:31.364: [INFO][Sync] Stopped: WebAuthn Credentials
2026-02-21 21:52:31.364: [INFO][Sync] Stopped: Collection
2026-02-21 21:52:31.364: [INFO][Sync] Stopped: Edge E Drop
2026-02-21 21:52:31.364: [INFO][Sync] Stopped: Edge Hub App Usage
2026-02-21 21:52:31.364: [INFO][Sync] Stopped: Edge Wallet
2026-02-21 21:52:31.364: [INFO][Sync] Stopped: Edge Workspace
2026-02-21 21:53:36.565: [INFO][Sync] Reset engine, reason: 0
2026-02-21 23:08:33.745: [INFO][Sync] Reset engine, reason: 8
2026-02-21 23:08:33.745: [INFO][Sync] Stopped: Bookmarks
2026-02-21 23:08:33.745: [INFO][Sync] Stopped: Preferences
2026-02-21 23:08:33.745: [INFO][Sync] Stopped: Passwords
2026-02-21 23:08:33.745: [INFO][Sync] Stopped: Autofill Profiles
2026-02-21 23:08:33.745: [INFO][Sync] Stopped: Autofill
2026-02-21 23:08:33.745: [INFO][Sync] Stopped: Extensions
2026-02-21 23:08:33.745: [INFO][Sync] Stopped: Sessions
2026-02-21 23:08:33.745: [INFO][Sync] Stopped: Extension settings
2026-02-21 23:08:33.745: [INFO][Sync] Stopped: History Delete Directives
2026-02-21 23:08:33.745: [INFO][Sync] Stopped: Device Info
2026-02-21 23:08:33.745: [INFO][Sync] Stopped: User Consents
2026-02-21 23:08:33.745: [INFO][Sync] Stopped: Send Tab To Self
2026-02-21 23:08:33.745: [INFO][Sync] Stopped: Web Apps
2026-02-21 23:08:33.745: [INFO][Sync] Stopped: History
2026-02-21 23:08:33.745: [INFO][Sync] Stopped: Saved Tab Group
2026-02-21 23:08:33.745: [INFO][Sync] Stopped: WebAuthn Credentials
2026-02-21 23:08:33.745: [INFO][Sync] Stopped: Collection
2026-02-21 23:08:33.745: [INFO][Sync] Stopped: Edge E Drop
2026-02-21 23:08:33.745: [INFO][Sync] Stopped: Edge Hub App Usage
2026-02-21 23:08:33.745: [INFO][Sync] Stopped: Edge Wallet
2026-02-21 23:08:33.745: [INFO][Sync] Stopped: Edge Workspace
2026-02-21 23:08:33.745: [INFO][Sync] SyncState after authenticated was: NotSignedIn
2026-02-21 23:08:33.921: [INFO][Sync] Reset engine, reason: 8
2026-02-21 23:08:33.921: [INFO][Sync] Stopped: Bookmarks
2026-02-21 23:08:33.921: [INFO][Sync] Stopped: Preferences
2026-02-21 23:08:33.921: [INFO][Sync] Stopped: Passwords
2026-02-21 23:08:33.921: [INFO][Sync] Stopped: Autofill Profiles
2026-02-21 23:08:33.921: [INFO][Sync] Stopped: Autofill
2026-02-21 23:08:33.921: [INFO][Sync] Stopped: Extensions
2026-02-21 23:08:33.921: [INFO][Sync] Stopped: Sessions
2026-02-21 23:08:33.921: [INFO][Sync] Stopped: Extension settings
2026-02-21 23:08:33.921: [INFO][Sync] Stopped: History Delete Directives
2026-02-21 23:08:33.921: [INFO][Sync] Stopped: Device Info
2026-02-21 23:08:33.921: [INFO][Sync] Stopped: User Consents
2026-02-21 23:08:33.921: [INFO][Sync] Stopped: Send Tab To Self
2026-02-21 23:08:33.922: [INFO][Sync] Stopped: Web Apps
2026-02-21 23:08:33.922: [INFO][Sync] Stopped: History
2026-02-21 23:08:33.922: [INFO][Sync] Stopped: Saved Tab Group
2026-02-21 23:08:33.922: [INFO][Sync] Stopped: WebAuthn Credentials
2026-02-21 23:08:33.922: [INFO][Sync] Stopped: Collection
2026-02-21 23:08:33.922: [INFO][Sync] Stopped: Edge E Drop
2026-02-21 23:08:33.922: [INFO][Sync] Stopped: Edge Hub App Usage
2026-02-21 23:08:33.922: [INFO][Sync] Stopped: Edge Wallet
2026-02-21 23:08:33.922: [INFO][Sync] Stopped: Edge Workspace
2026-02-21 23:10:19.574: [INFO][Sync] Reset engine, reason: 0
2026-02-23 15:23:40.857: [INFO][Sync] Reset engine, reason: 8
2026-02-23 15:23:40.857: [INFO][Sync] Stopped: Bookmarks
2026-02-23 15:23:40.857: [INFO][Sync] Stopped: Preferences
2026-02-23 15:23:40.857: [INFO][Sync] Stopped: Passwords
2026-02-23 15:23:40.857: [INFO][Sync] Stopped: Autofill Profiles
2026-02-23 15:23:40.857: [INFO][Sync] Stopped: Autofill
2026-02-23 15:23:40.857: [INFO][Sync] Stopped: Extensions
2026-02-23 15:23:40.857: [INFO][Sync] Stopped: Sessions
2026-02-23 15:23:40.857: [INFO][Sync] Stopped: Extension settings
2026-02-23 15:23:40.857: [INFO][Sync] Stopped: History Delete Directives
2026-02-23 15:23:40.857: [INFO][Sync] Stopped: Device Info
2026-02-23 15:23:40.857: [INFO][Sync] Stopped: User Consents
2026-02-23 15:23:40.857: [INFO][Sync] Stopped: Send Tab To Self
2026-02-23 15:23:40.857: [INFO][Sync] Stopped: Web Apps
2026-02-23 15:23:40.857: [INFO][Sync] Stopped: History
2026-02-23 15:23:40.857: [INFO][Sync] Stopped: Saved Tab Group
2026-02-23 15:23:40.857: [INFO][Sync] Stopped: WebAuthn Credentials
2026-02-23 15:23:40.857: [INFO][Sync] Stopped: Collection
2026-02-23 15:23:40.857: [INFO][Sync] Stopped: Edge E Drop
2026-02-23 15:23:40.857: [INFO][Sync] Stopped: Edge Hub App Usage
2026-02-23 15:23:40.857: [INFO][Sync] Stopped: Edge Wallet
2026-02-23 15:23:40.857: [INFO][Sync] Stopped: Edge Workspace
2026-02-23 15:23:40.857: [INFO][Sync] SyncState after authenticated was: NotSignedIn
2026-02-23 15:23:40.983: [INFO][Sync] Reset engine, reason: 8
2026-02-23 15:23:40.983: [INFO][Sync] Stopped: Bookmarks
2026-02-23 15:23:40.983: [INFO][Sync] Stopped: Preferences
2026-02-23 15:23:40.983: [INFO][Sync] Stopped: Passwords
2026-02-23 15:23:40.983: [INFO][Sync] Stopped: Autofill Profiles
2026-02-23 15:23:40.983: [INFO][Sync] Stopped: Autofill
2026-02-23 15:23:40.983: [INFO][Sync] Stopped: Extensions
2026-02-23 15:23:40.983: [INFO][Sync] Stopped: Sessions
2026-02-23 15:23:40.983: [INFO][Sync] Stopped: Extension settings
2026-02-23 15:23:40.983: [INFO][Sync] Stopped: History Delete Directives
2026-02-23 15:23:40.983: [INFO][Sync] Stopped: Device Info
2026-02-23 15:23:40.983: [INFO][Sync] Stopped: User Consents
2026-02-23 15:23:40.983: [INFO][Sync] Stopped: Send Tab To Self
2026-02-23 15:23:40.983: [INFO][Sync] Stopped: Web Apps
2026-02-23 15:23:40.983: [INFO][Sync] Stopped: History
2026-02-23 15:23:40.983: [INFO][Sync] Stopped: Saved Tab Group
2026-02-23 15:23:40.983: [INFO][Sync] Stopped: WebAuthn Credentials
2026-02-23 15:23:40.983: [INFO][Sync] Stopped: Collection
2026-02-23 15:23:40.983: [INFO][Sync] Stopped: Edge E Drop
2026-02-23 15:23:40.983: [INFO][Sync] Stopped: Edge Hub App Usage
2026-02-23 15:23:40.983: [INFO][Sync] Stopped: Edge Wallet
2026-02-23 15:23:40.983: [INFO][Sync] Stopped: Edge Workspace
2026-02-23 15:26:39.232: [INFO][Sync] Reset engine, reason: 0
2026-02-24 14:46:22.225: [INFO][Sync] Reset engine, reason: 8
2026-02-24 14:46:22.225: [INFO][Sync] Stopped: Bookmarks
2026-02-24 14:46:22.225: [INFO][Sync] Stopped: Preferences
2026-02-24 14:46:22.225: [INFO][Sync] Stopped: Passwords
2026-02-24 14:46:22.225: [INFO][Sync] Stopped: Autofill Profiles
2026-02-24 14:46:22.225: [INFO][Sync] Stopped: Autofill
2026-02-24 14:46:22.225: [INFO][Sync] Stopped: Extensions
2026-02-24 14:46:22.225: [INFO][Sync] Stopped: Sessions
2026-02-24 14:46:22.225: [INFO][Sync] Stopped: Extension settings
2026-02-24 14:46:22.225: [INFO][Sync] Stopped: History Delete Directives
2026-02-24 14:46:22.225: [INFO][Sync] Stopped: Device Info
2026-02-24 14:46:22.225: [INFO][Sync] Stopped: User Consents
2026-02-24 14:46:22.225: [INFO][Sync] Stopped: Send Tab To Self
2026-02-24 14:46:22.225: [INFO][Sync] Stopped: Web Apps
2026-02-24 14:46:22.225: [INFO][Sync] Stopped: History
2026-02-24 14:46:22.225: [INFO][Sync] Stopped: Saved Tab Group
2026-02-24 14:46:22.225: [INFO][Sync] Stopped: WebAuthn Credentials
2026-02-24 14:46:22.225: [INFO][Sync] Stopped: Collection
2026-02-24 14:46:22.225: [INFO][Sync] Stopped: Edge E Drop
2026-02-24 14:46:22.225: [INFO][Sync] Stopped: Edge Hub App Usage
2026-02-24 14:46:22.225: [INFO][Sync] Stopped: Edge Wallet
2026-02-24 14:46:22.225: [INFO][Sync] Stopped: Edge Workspace
2026-02-24 14:46:22.225: [INFO][Sync] SyncState after authenticated was: NotSignedIn
2026-02-24 14:46:22.383: [INFO][Sync] Reset engine, reason: 8
2026-02-24 14:46:22.383: [INFO][Sync] Stopped: Bookmarks
2026-02-24 14:46:22.383: [INFO][Sync] Stopped: Preferences
2026-02-24 14:46:22.383: [INFO][Sync] Stopped: Passwords
2026-02-24 14:46:22.383: [INFO][Sync] Stopped: Autofill Profiles
2026-02-24 14:46:22.383: [INFO][Sync] Stopped: Autofill
2026-02-24 14:46:22.383: [INFO][Sync] Stopped: Extensions
2026-02-24 14:46:22.383: [INFO][Sync] Stopped: Sessions
2026-02-24 14:46:22.383: [INFO][Sync] Stopped: Extension settings
2026-02-24 14:46:22.383: [INFO][Sync] Stopped: History Delete Directives
2026-02-24 14:46:22.383: [INFO][Sync] Stopped: Device Info
2026-02-24 14:46:22.383: [INFO][Sync] Stopped: User Consents
2026-02-24 14:46:22.383: [INFO][Sync] Stopped: Send Tab To Self
2026-02-24 14:46:22.383: [INFO][Sync] Stopped: Web Apps
2026-02-24 14:46:22.383: [INFO][Sync] Stopped: History
2026-02-24 14:46:22.383: [INFO][Sync] Stopped: Saved Tab Group
2026-02-24 14:46:22.383: [INFO][Sync] Stopped: WebAuthn Credentials
2026-02-24 14:46:22.383: [INFO][Sync] Stopped: Collection
2026-02-24 14:46:22.383: [INFO][Sync] Stopped: Edge E Drop
2026-02-24 14:46:22.383: [INFO][Sync] Stopped: Edge Hub App Usage
2026-02-24 14:46:22.383: [INFO][Sync] Stopped: Edge Wallet
2026-02-24 14:46:22.383: [INFO][Sync] Stopped: Edge Workspace
2026-02-24 14:48:31.876: [INFO][Sync] Reset engine, reason: 0
2026-02-26 14:38:32.952: [INFO][Sync] Reset engine, reason: 8
2026-02-26 14:38:32.952: [INFO][Sync] Stopped: Bookmarks
2026-02-26 14:38:32.952: [INFO][Sync] Stopped: Preferences
2026-02-26 14:38:32.952: [INFO][Sync] Stopped: Passwords
2026-02-26 14:38:32.952: [INFO][Sync] Stopped: Autofill Profiles
2026-02-26 14:38:32.952: [INFO][Sync] Stopped: Autofill
2026-02-26 14:38:32.952: [INFO][Sync] Stopped: Extensions
2026-02-26 14:38:32.952: [INFO][Sync] Stopped: Sessions
2026-02-26 14:38:32.952: [INFO][Sync] Stopped: Extension settings
2026-02-26 14:38:32.952: [INFO][Sync] Stopped: History Delete Directives
2026-02-26 14:38:32.952: [INFO][Sync] Stopped: Device Info
2026-02-26 14:38:32.952: [INFO][Sync] Stopped: User Consents
2026-02-26 14:38:32.952: [INFO][Sync] Stopped: Send Tab To Self
2026-02-26 14:38:32.952: [INFO][Sync] Stopped: Web Apps
2026-02-26 14:38:32.952: [INFO][Sync] Stopped: History
2026-02-26 14:38:32.952: [INFO][Sync] Stopped: Saved Tab Group
2026-02-26 14:38:32.952: [INFO][Sync] Stopped: WebAuthn Credentials
2026-02-26 14:38:32.952: [INFO][Sync] Stopped: Collection
2026-02-26 14:38:32.952: [INFO][Sync] Stopped: Edge E Drop
2026-02-26 14:38:32.952: [INFO][Sync] Stopped: Edge Hub App Usage
2026-02-26 14:38:32.952: [INFO][Sync] Stopped: Edge Wallet
2026-02-26 14:38:32.952: [INFO][Sync] Stopped: Edge Workspace
2026-02-26 14:38:32.952: [INFO][Sync] SyncState after authenticated was: NotSignedIn
2026-02-26 14:38:33.095: [INFO][Sync] Reset engine, reason: 8
2026-02-26 14:38:33.095: [INFO][Sync] Stopped: Bookmarks
2026-02-26 14:38:33.095: [INFO][Sync] Stopped: Preferences
2026-02-26 14:38:33.095: [INFO][Sync] Stopped: Passwords
2026-02-26 14:38:33.095: [INFO][Sync] Stopped: Autofill Profiles
2026-02-26 14:38:33.095: [INFO][Sync] Stopped: Autofill
2026-02-26 14:38:33.095: [INFO][Sync] Stopped: Extensions
2026-02-26 14:38:33.095: [INFO][Sync] Stopped: Sessions
2026-02-26 14:38:33.095: [INFO][Sync] Stopped: Extension settings
2026-02-26 14:38:33.095: [INFO][Sync] Stopped: History Delete Directives
2026-02-26 14:38:33.095: [INFO][Sync] Stopped: Device Info
2026-02-26 14:38:33.095: [INFO][Sync] Stopped: User Consents
2026-02-26 14:38:33.095: [INFO][Sync] Stopped: Send Tab To Self
2026-02-26 14:38:33.095: [INFO][Sync] Stopped: Web Apps
2026-02-26 14:38:33.095: [INFO][Sync] Stopped: History
2026-02-26 14:38:33.095: [INFO][Sync] Stopped: Saved Tab Group
2026-02-26 14:38:33.095: [INFO][Sync] Stopped: WebAuthn Credentials
2026-02-26 14:38:33.095: [INFO][Sync] Stopped: Collection
2026-02-26 14:38:33.095: [INFO][Sync] Stopped: Edge E Drop
2026-02-26 14:38:33.095: [INFO][Sync] Stopped: Edge Hub App Usage
2026-02-26 14:38:33.095: [INFO][Sync] Stopped: Edge Wallet
2026-02-26 14:38:33.095: [INFO][Sync] Stopped: Edge Workspace
2026-02-26 14:40:13.690: [INFO][Sync] Reset engine, reason: 0
2026-02-26 14:40:20.386: [INFO][Sync] Reset engine, reason: 8
2026-02-26 14:40:20.386: [INFO][Sync] Stopped: Bookmarks
2026-02-26 14:40:20.386: [INFO][Sync] Stopped: Preferences
2026-02-26 14:40:20.386: [INFO][Sync] Stopped: Passwords
2026-02-26 14:40:20.386: [INFO][Sync] Stopped: Autofill Profiles
2026-02-26 14:40:20.386: [INFO][Sync] Stopped: Autofill
2026-02-26 14:40:20.386: [INFO][Sync] Stopped: Extensions
2026-02-26 14:40:20.386: [INFO][Sync] Stopped: Sessions
2026-02-26 14:40:20.386: [INFO][Sync] Stopped: Extension settings
2026-02-26 14:40:20.386: [INFO][Sync] Stopped: History Delete Directives
2026-02-26 14:40:20.387: [INFO][Sync] Stopped: Device Info
2026-02-26 14:40:20.387: [INFO][Sync] Stopped: User Consents
2026-02-26 14:40:20.387: [INFO][Sync] Stopped: Send Tab To Self
2026-02-26 14:40:20.387: [INFO][Sync] Stopped: Web Apps
2026-02-26 14:40:20.387: [INFO][Sync] Stopped: History
2026-02-26 14:40:20.387: [INFO][Sync] Stopped: Saved Tab Group
2026-02-26 14:40:20.387: [INFO][Sync] Stopped: WebAuthn Credentials
2026-02-26 14:40:20.387: [INFO][Sync] Stopped: Collection
2026-02-26 14:40:20.387: [INFO][Sync] Stopped: Edge E Drop
2026-02-26 14:40:20.387: [INFO][Sync] Stopped: Edge Hub App Usage
2026-02-26 14:40:20.387: [INFO][Sync] Stopped: Edge Wallet
2026-02-26 14:40:20.387: [INFO][Sync] Stopped: Edge Workspace
2026-02-26 14:40:20.387: [INFO][Sync] SyncState after authenticated was: NotSignedIn
2026-02-26 14:40:20.530: [INFO][Sync] Reset engine, reason: 8
2026-02-26 14:40:20.530: [INFO][Sync] Stopped: Bookmarks
2026-02-26 14:40:20.530: [INFO][Sync] Stopped: Preferences
2026-02-26 14:40:20.530: [INFO][Sync] Stopped: Passwords
2026-02-26 14:40:20.530: [INFO][Sync] Stopped: Autofill Profiles
2026-02-26 14:40:20.530: [INFO][Sync] Stopped: Autofill
2026-02-26 14:40:20.530: [INFO][Sync] Stopped: Extensions
2026-02-26 14:40:20.530: [INFO][Sync] Stopped: Sessions
2026-02-26 14:40:20.530: [INFO][Sync] Stopped: Extension settings
2026-02-26 14:40:20.530: [INFO][Sync] Stopped: History Delete Directives
2026-02-26 14:40:20.530: [INFO][Sync] Stopped: Device Info
2026-02-26 14:40:20.530: [INFO][Sync] Stopped: User Consents
2026-02-26 14:40:20.530: [INFO][Sync] Stopped: Send Tab To Self
2026-02-26 14:40:20.530: [INFO][Sync] Stopped: Web Apps
2026-02-26 14:40:20.530: [INFO][Sync] Stopped: History
2026-02-26 14:40:20.530: [INFO][Sync] Stopped: Saved Tab Group
2026-02-26 14:40:20.530: [INFO][Sync] Stopped: WebAuthn Credentials
2026-02-26 14:40:20.530: [INFO][Sync] Stopped: Collection
2026-02-26 14:40:20.530: [INFO][Sync] Stopped: Edge E Drop
2026-02-26 14:40:20.530: [INFO][Sync] Stopped: Edge Hub App Usage
2026-02-26 14:40:20.530: [INFO][Sync] Stopped: Edge Wallet
2026-02-26 14:40:20.530: [INFO][Sync] Stopped: Edge Workspace
2026-02-26 14:40:42.386: [INFO][Sync] Reset engine, reason: 0
2026-02-26 14:41:22.001: [INFO][Sync] Reset engine, reason: 8
2026-02-26 14:41:22.001: [INFO][Sync] Stopped: Bookmarks
2026-02-26 14:41:22.001: [INFO][Sync] Stopped: Preferences
2026-02-26 14:41:22.001: [INFO][Sync] Stopped: Passwords
2026-02-26 14:41:22.001: [INFO][Sync] Stopped: Autofill Profiles
2026-02-26 14:41:22.001: [INFO][Sync] Stopped: Autofill
2026-02-26 14:41:22.001: [INFO][Sync] Stopped: Extensions
2026-02-26 14:41:22.001: [INFO][Sync] Stopped: Sessions
2026-02-26 14:41:22.001: [INFO][Sync] Stopped: Extension settings
2026-02-26 14:41:22.001: [INFO][Sync] Stopped: History Delete Directives
2026-02-26 14:41:22.001: [INFO][Sync] Stopped: Device Info
2026-02-26 14:41:22.001: [INFO][Sync] Stopped: User Consents
2026-02-26 14:41:22.001: [INFO][Sync] Stopped: Send Tab To Self
2026-02-26 14:41:22.001: [INFO][Sync] Stopped: Web Apps
2026-02-26 14:41:22.001: [INFO][Sync] Stopped: History
2026-02-26 14:41:22.001: [INFO][Sync] Stopped: Saved Tab Group
2026-02-26 14:41:22.001: [INFO][Sync] Stopped: WebAuthn Credentials
2026-02-26 14:41:22.001: [INFO][Sync] Stopped: Collection
2026-02-26 14:41:22.001: [INFO][Sync] Stopped: Edge E Drop
2026-02-26 14:41:22.001: [INFO][Sync] Stopped: Edge Hub App Usage
2026-02-26 14:41:22.001: [INFO][Sync] Stopped: Edge Wallet
2026-02-26 14:41:22.001: [INFO][Sync] Stopped: Edge Workspace
2026-02-26 14:41:22.001: [INFO][Sync] SyncState after authenticated was: NotSignedIn
2026-02-26 14:41:22.134: [INFO][Sync] Reset engine, reason: 8
2026-02-26 14:41:22.134: [INFO][Sync] Stopped: Bookmarks
2026-02-26 14:41:22.134: [INFO][Sync] Stopped: Preferences
2026-02-26 14:41:22.134: [INFO][Sync] Stopped: Passwords
2026-02-26 14:41:22.134: [INFO][Sync] Stopped: Autofill Profiles
2026-02-26 14:41:22.134: [INFO][Sync] Stopped: Autofill
2026-02-26 14:41:22.134: [INFO][Sync] Stopped: Extensions
2026-02-26 14:41:22.134: [INFO][Sync] Stopped: Sessions
2026-02-26 14:41:22.134: [INFO][Sync] Stopped: Extension settings
2026-02-26 14:41:22.134: [INFO][Sync] Stopped: History Delete Directives
2026-02-26 14:41:22.134: [INFO][Sync] Stopped: Device Info
2026-02-26 14:41:22.134: [INFO][Sync] Stopped: User Consents
2026-02-26 14:41:22.134: [INFO][Sync] Stopped: Send Tab To Self
2026-02-26 14:41:22.134: [INFO][Sync] Stopped: Web Apps
2026-02-26 14:41:22.134: [INFO][Sync] Stopped: History
2026-02-26 14:41:22.134: [INFO][Sync] Stopped: Saved Tab Group
2026-02-26 14:41:22.134: [INFO][Sync] Stopped: WebAuthn Credentials
2026-02-26 14:41:22.134: [INFO][Sync] Stopped: Collection
2026-02-26 14:41:22.134: [INFO][Sync] Stopped: Edge E Drop
2026-02-26 14:41:22.134: [INFO][Sync] Stopped: Edge Hub App Usage
2026-02-26 14:41:22.134: [INFO][Sync] Stopped: Edge Wallet
2026-02-26 14:41:22.134: [INFO][Sync] Stopped: Edge Workspace
2026-02-26 14:43:44.710: [INFO][Sync] Reset engine, reason: 0
2026-02-27 17:25:47.196: [INFO][Sync] Reset engine, reason: 8
2026-02-27 17:25:47.196: [INFO][Sync] Stopped: Bookmarks
2026-02-27 17:25:47.196: [INFO][Sync] Stopped: Preferences
2026-02-27 17:25:47.196: [INFO][Sync] Stopped: Passwords
2026-02-27 17:25:47.196: [INFO][Sync] Stopped: Autofill Profiles
2026-02-27 17:25:47.196: [INFO][Sync] Stopped: Autofill
2026-02-27 17:25:47.196: [INFO][Sync] Stopped: Extensions
2026-02-27 17:25:47.196: [INFO][Sync] Stopped: Sessions
2026-02-27 17:25:47.196: [INFO][Sync] Stopped: Extension settings
2026-02-27 17:25:47.196: [INFO][Sync] Stopped: History Delete Directives
2026-02-27 17:25:47.196: [INFO][Sync] Stopped: Device Info
2026-02-27 17:25:47.196: [INFO][Sync] Stopped: User Consents
2026-02-27 17:25:47.196: [INFO][Sync] Stopped: Send Tab To Self
2026-02-27 17:25:47.196: [INFO][Sync] Stopped: Web Apps
2026-02-27 17:25:47.196: [INFO][Sync] Stopped: History
2026-02-27 17:25:47.196: [INFO][Sync] Stopped: Saved Tab Group
2026-02-27 17:25:47.196: [INFO][Sync] Stopped: WebAuthn Credentials
2026-02-27 17:25:47.196: [INFO][Sync] Stopped: Collection
2026-02-27 17:25:47.196: [INFO][Sync] Stopped: Edge E Drop
2026-02-27 17:25:47.196: [INFO][Sync] Stopped: Edge Hub App Usage
2026-02-27 17:25:47.196: [INFO][Sync] Stopped: Edge Wallet
2026-02-27 17:25:47.196: [INFO][Sync] Stopped: Edge Workspace
2026-02-27 17:25:47.196: [INFO][Sync] SyncState after authenticated was: NotSignedIn
2026-02-27 17:25:47.345: [INFO][Sync] Reset engine, reason: 8
2026-02-27 17:25:47.345: [INFO][Sync] Stopped: Bookmarks
2026-02-27 17:25:47.345: [INFO][Sync] Stopped: Preferences
2026-02-27 17:25:47.345: [INFO][Sync] Stopped: Passwords
2026-02-27 17:25:47.345: [INFO][Sync] Stopped: Autofill Profiles
2026-02-27 17:25:47.345: [INFO][Sync] Stopped: Autofill
2026-02-27 17:25:47.345: [INFO][Sync] Stopped: Extensions
2026-02-27 17:25:47.345: [INFO][Sync] Stopped: Sessions
2026-02-27 17:25:47.345: [INFO][Sync] Stopped: Extension settings
2026-02-27 17:25:47.345: [INFO][Sync] Stopped: History Delete Directives
2026-02-27 17:25:47.345: [INFO][Sync] Stopped: Device Info
2026-02-27 17:25:47.345: [INFO][Sync] Stopped: User Consents
2026-02-27 17:25:47.345: [INFO][Sync] Stopped: Send Tab To Self
2026-02-27 17:25:47.345: [INFO][Sync] Stopped: Web Apps
2026-02-27 17:25:47.345: [INFO][Sync] Stopped: History
2026-02-27 17:25:47.345: [INFO][Sync] Stopped: Saved Tab Group
2026-02-27 17:25:47.345: [INFO][Sync] Stopped: WebAuthn Credentials
2026-02-27 17:25:47.345: [INFO][Sync] Stopped: Collection
2026-02-27 17:25:47.345: [INFO][Sync] Stopped: Edge E Drop
2026-02-27 17:25:47.345: [INFO][Sync] Stopped: Edge Hub App Usage
2026-02-27 17:25:47.345: [INFO][Sync] Stopped: Edge Wallet
2026-02-27 17:25:47.345: [INFO][Sync] Stopped: Edge Workspace
2026-02-27 17:28:11.501: [INFO][Sync] Reset engine, reason: 0
2026-02-28 17:32:20.930: [INFO][Sync] Reset engine, reason: 8
2026-02-28 17:32:20.930: [INFO][Sync] Stopped: Bookmarks
2026-02-28 17:32:20.930: [INFO][Sync] Stopped: Preferences
2026-02-28 17:32:20.930: [INFO][Sync] Stopped: Passwords
2026-02-28 17:32:20.930: [INFO][Sync] Stopped: Autofill Profiles
2026-02-28 17:32:20.930: [INFO][Sync] Stopped: Autofill
2026-02-28 17:32:20.930: [INFO][Sync] Stopped: Extensions
2026-02-28 17:32:20.930: [INFO][Sync] Stopped: Sessions
2026-02-28 17:32:20.930: [INFO][Sync] Stopped: Extension settings
2026-02-28 17:32:20.930: [INFO][Sync] Stopped: History Delete Directives
2026-02-28 17:32:20.930: [INFO][Sync] Stopped: Device Info
2026-02-28 17:32:20.930: [INFO][Sync] Stopped: User Consents
2026-02-28 17:32:20.930: [INFO][Sync] Stopped: Send Tab To Self
2026-02-28 17:32:20.930: [INFO][Sync] Stopped: Web Apps
2026-02-28 17:32:20.930: [INFO][Sync] Stopped: History
2026-02-28 17:32:20.930: [INFO][Sync] Stopped: Saved Tab Group
2026-02-28 17:32:20.930: [INFO][Sync] Stopped: WebAuthn Credentials
2026-02-28 17:32:20.930: [INFO][Sync] Stopped: Collection
2026-02-28 17:32:20.930: [INFO][Sync] Stopped: Edge E Drop
2026-02-28 17:32:20.930: [INFO][Sync] Stopped: Edge Hub App Usage
2026-02-28 17:32:20.930: [INFO][Sync] Stopped: Edge Wallet
2026-02-28 17:32:20.930: [INFO][Sync] Stopped: Edge Workspace
2026-02-28 17:32:20.930: [INFO][Sync] SyncState after authenticated was: NotSignedIn
2026-02-28 17:32:22.037: [INFO][Sync] Reset engine, reason: 8
2026-02-28 17:32:22.037: [INFO][Sync] Stopped: Bookmarks
2026-02-28 17:32:22.037: [INFO][Sync] Stopped: Preferences
2026-02-28 17:32:22.037: [INFO][Sync] Stopped: Passwords
2026-02-28 17:32:22.037: [INFO][Sync] Stopped: Autofill Profiles
2026-02-28 17:32:22.037: [INFO][Sync] Stopped: Autofill
2026-02-28 17:32:22.037: [INFO][Sync] Stopped: Extensions
2026-02-28 17:32:22.037: [INFO][Sync] Stopped: Sessions
2026-02-28 17:32:22.037: [INFO][Sync] Stopped: Extension settings
2026-02-28 17:32:22.037: [INFO][Sync] Stopped: History Delete Directives
2026-02-28 17:32:22.037: [INFO][Sync] Stopped: Device Info
2026-02-28 17:32:22.037: [INFO][Sync] Stopped: User Consents
2026-02-28 17:32:22.037: [INFO][Sync] Stopped: Send Tab To Self
2026-02-28 17:32:22.037: [INFO][Sync] Stopped: Web Apps
2026-02-28 17:32:22.037: [INFO][Sync] Stopped: History
2026-02-28 17:32:22.037: [INFO][Sync] Stopped: Saved Tab Group
2026-02-28 17:32:22.037: [INFO][Sync] Stopped: WebAuthn Credentials
2026-02-28 17:32:22.037: [INFO][Sync] Stopped: Collection
2026-02-28 17:32:22.038: [INFO][Sync] Stopped: Edge E Drop
2026-02-28 17:32:22.038: [INFO][Sync] Stopped: Edge Hub App Usage
2026-02-28 17:32:22.038: [INFO][Sync] Stopped: Edge Wallet
2026-02-28 17:32:22.038: [INFO][Sync] Stopped: Edge Workspace
2026-02-28 17:35:19.555: [INFO][Sync] Reset engine, reason: 0
2026-03-01 07:27:20.465: [INFO][Sync] Reset engine, reason: 8
2026-03-01 07:27:20.465: [INFO][Sync] Stopped: Bookmarks
2026-03-01 07:27:20.465: [INFO][Sync] Stopped: Preferences
2026-03-01 07:27:20.465: [INFO][Sync] Stopped: Passwords
2026-03-01 07:27:20.465: [INFO][Sync] Stopped: Autofill Profiles
2026-03-01 07:27:20.465: [INFO][Sync] Stopped: Autofill
2026-03-01 07:27:20.465: [INFO][Sync] Stopped: Extensions
2026-03-01 07:27:20.465: [INFO][Sync] Stopped: Sessions
2026-03-01 07:27:20.465: [INFO][Sync] Stopped: Extension settings
2026-03-01 07:27:20.465: [INFO][Sync] Stopped: History Delete Directives
2026-03-01 07:27:20.465: [INFO][Sync] Stopped: Device Info
2026-03-01 07:27:20.465: [INFO][Sync] Stopped: User Consents
2026-03-01 07:27:20.465: [INFO][Sync] Stopped: Send Tab To Self
2026-03-01 07:27:20.465: [INFO][Sync] Stopped: Web Apps
2026-03-01 07:27:20.465: [INFO][Sync] Stopped: History
2026-03-01 07:27:20.465: [INFO][Sync] Stopped: Saved Tab Group
2026-03-01 07:27:20.465: [INFO][Sync] Stopped: WebAuthn Credentials
2026-03-01 07:27:20.465: [INFO][Sync] Stopped: Collection
2026-03-01 07:27:20.465: [INFO][Sync] Stopped: Edge E Drop
2026-03-01 07:27:20.465: [INFO][Sync] Stopped: Edge Hub App Usage
2026-03-01 07:27:20.465: [INFO][Sync] Stopped: Edge Wallet
2026-03-01 07:27:20.465: [INFO][Sync] Stopped: Edge Workspace
2026-03-01 07:27:20.465: [INFO][Sync] SyncState after authenticated was: NotSignedIn
2026-03-01 07:27:20.584: [INFO][Sync] Reset engine, reason: 8
2026-03-01 07:27:20.584: [INFO][Sync] Stopped: Bookmarks
2026-03-01 07:27:20.584: [INFO][Sync] Stopped: Preferences
2026-03-01 07:27:20.584: [INFO][Sync] Stopped: Passwords
2026-03-01 07:27:20.584: [INFO][Sync] Stopped: Autofill Profiles
2026-03-01 07:27:20.584: [INFO][Sync] Stopped: Autofill
2026-03-01 07:27:20.584: [INFO][Sync] Stopped: Extensions
2026-03-01 07:27:20.584: [INFO][Sync] Stopped: Sessions
2026-03-01 07:27:20.584: [INFO][Sync] Stopped: Extension settings
2026-03-01 07:27:20.584: [INFO][Sync] Stopped: History Delete Directives
2026-03-01 07:27:20.584: [INFO][Sync] Stopped: Device Info
2026-03-01 07:27:20.584: [INFO][Sync] Stopped: User Consents
2026-03-01 07:27:20.584: [INFO][Sync] Stopped: Send Tab To Self
2026-03-01 07:27:20.584: [INFO][Sync] Stopped: Web Apps
2026-03-01 07:27:20.584: [INFO][Sync] Stopped: History
2026-03-01 07:27:20.584: [INFO][Sync] Stopped: Saved Tab Group
2026-03-01 07:27:20.584: [INFO][Sync] Stopped: WebAuthn Credentials
2026-03-01 07:27:20.584: [INFO][Sync] Stopped: Collection
2026-03-01 07:27:20.584: [INFO][Sync] Stopped: Edge E Drop
2026-03-01 07:27:20.584: [INFO][Sync] Stopped: Edge Hub App Usage
2026-03-01 07:27:20.584: [INFO][Sync] Stopped: Edge Wallet
2026-03-01 07:27:20.584: [INFO][Sync] Stopped: Edge Workspace
2026-03-01 07:28:42.856: [INFO][Sync] Reset engine, reason: 0
2026-03-03 17:32:52.173: [INFO][Sync] Reset engine, reason: 8
2026-03-03 17:32:52.173: [INFO][Sync] Stopped: Bookmarks
2026-03-03 17:32:52.173: [INFO][Sync] Stopped: Preferences
2026-03-03 17:32:52.173: [INFO][Sync] Stopped: Passwords
2026-03-03 17:32:52.173: [INFO][Sync] Stopped: Autofill Profiles
2026-03-03 17:32:52.173: [INFO][Sync] Stopped: Autofill
2026-03-03 17:32:52.173: [INFO][Sync] Stopped: Extensions
2026-03-03 17:32:52.173: [INFO][Sync] Stopped: Sessions
2026-03-03 17:32:52.173: [INFO][Sync] Stopped: Extension settings
2026-03-03 17:32:52.173: [INFO][Sync] Stopped: History Delete Directives
2026-03-03 17:32:52.173: [INFO][Sync] Stopped: Device Info
2026-03-03 17:32:52.173: [INFO][Sync] Stopped: User Consents
2026-03-03 17:32:52.173: [INFO][Sync] Stopped: Send Tab To Self
2026-03-03 17:32:52.173: [INFO][Sync] Stopped: Web Apps
2026-03-03 17:32:52.173: [INFO][Sync] Stopped: History
2026-03-03 17:32:52.173: [INFO][Sync] Stopped: Saved Tab Group
2026-03-03 17:32:52.173: [INFO][Sync] Stopped: WebAuthn Credentials
2026-03-03 17:32:52.173: [INFO][Sync] Stopped: Collection
2026-03-03 17:32:52.173: [INFO][Sync] Stopped: Edge E Drop
2026-03-03 17:32:52.173: [INFO][Sync] Stopped: Edge Hub App Usage
2026-03-03 17:32:52.173: [INFO][Sync] Stopped: Edge Wallet
2026-03-03 17:32:52.173: [INFO][Sync] Stopped: Edge Workspace
2026-03-03 17:32:52.173: [INFO][Sync] SyncState after authenticated was: NotSignedIn
2026-03-03 17:32:52.322: [INFO][Sync] Reset engine, reason: 8
2026-03-03 17:32:52.322: [INFO][Sync] Stopped: Bookmarks
2026-03-03 17:32:52.322: [INFO][Sync] Stopped: Preferences
2026-03-03 17:32:52.323: [INFO][Sync] Stopped: Passwords
2026-03-03 17:32:52.323: [INFO][Sync] Stopped: Autofill Profiles
2026-03-03 17:32:52.323: [INFO][Sync] Stopped: Autofill
2026-03-03 17:32:52.323: [INFO][Sync] Stopped: Extensions
2026-03-03 17:32:52.323: [INFO][Sync] Stopped: Sessions
2026-03-03 17:32:52.323: [INFO][Sync] Stopped: Extension settings
2026-03-03 17:32:52.323: [INFO][Sync] Stopped: History Delete Directives
2026-03-03 17:32:52.323: [INFO][Sync] Stopped: Device Info
2026-03-03 17:32:52.323: [INFO][Sync] Stopped: User Consents
2026-03-03 17:32:52.323: [INFO][Sync] Stopped: Send Tab To Self
2026-03-03 17:32:52.323: [INFO][Sync] Stopped: Web Apps
2026-03-03 17:32:52.323: [INFO][Sync] Stopped: History
2026-03-03 17:32:52.323: [INFO][Sync] Stopped: Saved Tab Group
2026-03-03 17:32:52.323: [INFO][Sync] Stopped: WebAuthn Credentials
2026-03-03 17:32:52.323: [INFO][Sync] Stopped: Collection
2026-03-03 17:32:52.323: [INFO][Sync] Stopped: Edge E Drop
2026-03-03 17:32:52.323: [INFO][Sync] Stopped: Edge Hub App Usage
2026-03-03 17:32:52.323: [INFO][Sync] Stopped: Edge Wallet
2026-03-03 17:32:52.323: [INFO][Sync] Stopped: Edge Workspace
2026-03-03 17:34:40.833: [INFO][Sync] Reset engine, reason: 0
2026-03-03 17:36:37.509: [INFO][Sync] Reset engine, reason: 8
2026-03-03 17:36:37.509: [INFO][Sync] Stopped: Bookmarks
2026-03-03 17:36:37.509: [INFO][Sync] Stopped: Preferences
2026-03-03 17:36:37.509: [INFO][Sync] Stopped: Passwords
2026-03-03 17:36:37.509: [INFO][Sync] Stopped: Autofill Profiles
2026-03-03 17:36:37.509: [INFO][Sync] Stopped: Autofill
2026-03-03 17:36:37.509: [INFO][Sync] Stopped: Extensions
2026-03-03 17:36:37.509: [INFO][Sync] Stopped: Sessions
2026-03-03 17:36:37.509: [INFO][Sync] Stopped: Extension settings
2026-03-03 17:36:37.509: [INFO][Sync] Stopped: History Delete Directives
2026-03-03 17:36:37.509: [INFO][Sync] Stopped: Device Info
2026-03-03 17:36:37.509: [INFO][Sync] Stopped: User Consents
2026-03-03 17:36:37.509: [INFO][Sync] Stopped: Send Tab To Self
2026-03-03 17:36:37.509: [INFO][Sync] Stopped: Web Apps
2026-03-03 17:36:37.509: [INFO][Sync] Stopped: History
2026-03-03 17:36:37.509: [INFO][Sync] Stopped: Saved Tab Group
2026-03-03 17:36:37.509: [INFO][Sync] Stopped: WebAuthn Credentials
2026-03-03 17:36:37.509: [INFO][Sync] Stopped: Collection
2026-03-03 17:36:37.509: [INFO][Sync] Stopped: Edge E Drop
2026-03-03 17:36:37.509: [INFO][Sync] Stopped: Edge Hub App Usage
2026-03-03 17:36:37.509: [INFO][Sync] Stopped: Edge Wallet
2026-03-03 17:36:37.509: [INFO][Sync] Stopped: Edge Workspace
2026-03-03 17:36:37.509: [INFO][Sync] SyncState after authenticated was: NotSignedIn
2026-03-03 17:36:37.654: [INFO][Sync] Reset engine, reason: 8
2026-03-03 17:36:37.654: [INFO][Sync] Stopped: Bookmarks
2026-03-03 17:36:37.654: [INFO][Sync] Stopped: Preferences
2026-03-03 17:36:37.654: [INFO][Sync] Stopped: Passwords
2026-03-03 17:36:37.654: [INFO][Sync] Stopped: Autofill Profiles
2026-03-03 17:36:37.654: [INFO][Sync] Stopped: Autofill
2026-03-03 17:36:37.654: [INFO][Sync] Stopped: Extensions
2026-03-03 17:36:37.654: [INFO][Sync] Stopped: Sessions
2026-03-03 17:36:37.654: [INFO][Sync] Stopped: Extension settings
2026-03-03 17:36:37.654: [INFO][Sync] Stopped: History Delete Directives
2026-03-03 17:36:37.654: [INFO][Sync] Stopped: Device Info
2026-03-03 17:36:37.654: [INFO][Sync] Stopped: User Consents
2026-03-03 17:36:37.654: [INFO][Sync] Stopped: Send Tab To Self
2026-03-03 17:36:37.654: [INFO][Sync] Stopped: Web Apps
2026-03-03 17:36:37.654: [INFO][Sync] Stopped: History
2026-03-03 17:36:37.654: [INFO][Sync] Stopped: Saved Tab Group
2026-03-03 17:36:37.654: [INFO][Sync] Stopped: WebAuthn Credentials
2026-03-03 17:36:37.654: [INFO][Sync] Stopped: Collection
2026-03-03 17:36:37.654: [INFO][Sync] Stopped: Edge E Drop
2026-03-03 17:36:37.654: [INFO][Sync] Stopped: Edge Hub App Usage
2026-03-03 17:36:37.654: [INFO][Sync] Stopped: Edge Wallet
2026-03-03 17:36:37.654: [INFO][Sync] Stopped: Edge Workspace
2026-03-03 17:38:50.195: [INFO][Sync] Reset engine, reason: 0
2026-03-04 16:51:42.648: [INFO][Sync] Reset engine, reason: 8
2026-03-04 16:51:42.648: [INFO][Sync] Stopped: Bookmarks
2026-03-04 16:51:42.649: [INFO][Sync] Stopped: Preferences
2026-03-04 16:51:42.649: [INFO][Sync] Stopped: Passwords
2026-03-04 16:51:42.649: [INFO][Sync] Stopped: Autofill Profiles
2026-03-04 16:51:42.649: [INFO][Sync] Stopped: Autofill
2026-03-04 16:51:42.649: [INFO][Sync] Stopped: Extensions
2026-03-04 16:51:42.649: [INFO][Sync] Stopped: Sessions
2026-03-04 16:51:42.649: [INFO][Sync] Stopped: Extension settings
2026-03-04 16:51:42.649: [INFO][Sync] Stopped: History Delete Directives
2026-03-04 16:51:42.649: [INFO][Sync] Stopped: Device Info
2026-03-04 16:51:42.649: [INFO][Sync] Stopped: User Consents
2026-03-04 16:51:42.649: [INFO][Sync] Stopped: Send Tab To Self
2026-03-04 16:51:42.649: [INFO][Sync] Stopped: Web Apps
2026-03-04 16:51:42.649: [INFO][Sync] Stopped: History
2026-03-04 16:51:42.649: [INFO][Sync] Stopped: Saved Tab Group
2026-03-04 16:51:42.649: [INFO][Sync] Stopped: WebAuthn Credentials
2026-03-04 16:51:42.649: [INFO][Sync] Stopped: Collection
2026-03-04 16:51:42.649: [INFO][Sync] Stopped: Edge E Drop
2026-03-04 16:51:42.649: [INFO][Sync] Stopped: Edge Hub App Usage
2026-03-04 16:51:42.649: [INFO][Sync] Stopped: Edge Wallet
2026-03-04 16:51:42.649: [INFO][Sync] Stopped: Edge Workspace
2026-03-04 16:51:42.649: [INFO][Sync] SyncState after authenticated was: NotSignedIn
2026-03-04 16:51:42.792: [INFO][Sync] Reset engine, reason: 8
2026-03-04 16:51:42.792: [INFO][Sync] Stopped: Bookmarks
2026-03-04 16:51:42.792: [INFO][Sync] Stopped: Preferences
2026-03-04 16:51:42.792: [INFO][Sync] Stopped: Passwords
2026-03-04 16:51:42.792: [INFO][Sync] Stopped: Autofill Profiles
2026-03-04 16:51:42.792: [INFO][Sync] Stopped: Autofill
2026-03-04 16:51:42.792: [INFO][Sync] Stopped: Extensions
2026-03-04 16:51:42.792: [INFO][Sync] Stopped: Sessions
2026-03-04 16:51:42.792: [INFO][Sync] Stopped: Extension settings
2026-03-04 16:51:42.792: [INFO][Sync] Stopped: History Delete Directives
2026-03-04 16:51:42.792: [INFO][Sync] Stopped: Device Info
2026-03-04 16:51:42.792: [INFO][Sync] Stopped: User Consents
2026-03-04 16:51:42.792: [INFO][Sync] Stopped: Send Tab To Self
2026-03-04 16:51:42.792: [INFO][Sync] Stopped: Web Apps
2026-03-04 16:51:42.792: [INFO][Sync] Stopped: History
2026-03-04 16:51:42.792: [INFO][Sync] Stopped: Saved Tab Group
2026-03-04 16:51:42.792: [INFO][Sync] Stopped: WebAuthn Credentials
2026-03-04 16:51:42.792: [INFO][Sync] Stopped: Collection
2026-03-04 16:51:42.792: [INFO][Sync] Stopped: Edge E Drop
2026-03-04 16:51:42.792: [INFO][Sync] Stopped: Edge Hub App Usage
2026-03-04 16:51:42.792: [INFO][Sync] Stopped: Edge Wallet
2026-03-04 16:51:42.792: [INFO][Sync] Stopped: Edge Workspace
2026-03-04 16:53:44.966: [INFO][Sync] Reset engine, reason: 0
2026-03-05 16:13:44.518: [INFO][Sync] Reset engine, reason: 8
2026-03-05 16:13:44.518: [INFO][Sync] Stopped: Bookmarks
2026-03-05 16:13:44.518: [INFO][Sync] Stopped: Preferences
2026-03-05 16:13:44.518: [INFO][Sync] Stopped: Passwords
2026-03-05 16:13:44.518: [INFO][Sync] Stopped: Autofill Profiles
2026-03-05 16:13:44.518: [INFO][Sync] Stopped: Autofill
2026-03-05 16:13:44.518: [INFO][Sync] Stopped: Extensions
2026-03-05 16:13:44.518: [INFO][Sync] Stopped: Sessions
2026-03-05 16:13:44.518: [INFO][Sync] Stopped: Extension settings
2026-03-05 16:13:44.518: [INFO][Sync] Stopped: History Delete Directives
2026-03-05 16:13:44.518: [INFO][Sync] Stopped: Device Info
2026-03-05 16:13:44.518: [INFO][Sync] Stopped: User Consents
2026-03-05 16:13:44.518: [INFO][Sync] Stopped: Send Tab To Self
2026-03-05 16:13:44.518: [INFO][Sync] Stopped: Web Apps
2026-03-05 16:13:44.518: [INFO][Sync] Stopped: History
2026-03-05 16:13:44.518: [INFO][Sync] Stopped: Saved Tab Group
2026-03-05 16:13:44.518: [INFO][Sync] Stopped: WebAuthn Credentials
2026-03-05 16:13:44.518: [INFO][Sync] Stopped: Collection
2026-03-05 16:13:44.518: [INFO][Sync] Stopped: Edge E Drop
2026-03-05 16:13:44.518: [INFO][Sync] Stopped: Edge Hub App Usage
2026-03-05 16:13:44.518: [INFO][Sync] Stopped: Edge Wallet
2026-03-05 16:13:44.518: [INFO][Sync] Stopped: Edge Workspace
2026-03-05 16:13:44.518: [INFO][Sync] SyncState after authenticated was: NotSignedIn
2026-03-05 16:13:44.675: [INFO][Sync] Reset engine, reason: 8
2026-03-05 16:13:44.675: [INFO][Sync] Stopped: Bookmarks
2026-03-05 16:13:44.675: [INFO][Sync] Stopped: Preferences
2026-03-05 16:13:44.675: [INFO][Sync] Stopped: Passwords
2026-03-05 16:13:44.675: [INFO][Sync] Stopped: Autofill Profiles
2026-03-05 16:13:44.675: [INFO][Sync] Stopped: Autofill
2026-03-05 16:13:44.675: [INFO][Sync] Stopped: Extensions
2026-03-05 16:13:44.675: [INFO][Sync] Stopped: Sessions
2026-03-05 16:13:44.675: [INFO][Sync] Stopped: Extension settings
2026-03-05 16:13:44.675: [INFO][Sync] Stopped: History Delete Directives
2026-03-05 16:13:44.675: [INFO][Sync] Stopped: Device Info
2026-03-05 16:13:44.675: [INFO][Sync] Stopped: User Consents
2026-03-05 16:13:44.675: [INFO][Sync] Stopped: Send Tab To Self
2026-03-05 16:13:44.675: [INFO][Sync] Stopped: Web Apps
2026-03-05 16:13:44.675: [INFO][Sync] Stopped: History
2026-03-05 16:13:44.675: [INFO][Sync] Stopped: Saved Tab Group
2026-03-05 16:13:44.675: [INFO][Sync] Stopped: WebAuthn Credentials
2026-03-05 16:13:44.675: [INFO][Sync] Stopped: Collection
2026-03-05 16:13:44.675: [INFO][Sync] Stopped: Edge E Drop
2026-03-05 16:13:44.675: [INFO][Sync] Stopped: Edge Hub App Usage
2026-03-05 16:13:44.675: [INFO][Sync] Stopped: Edge Wallet
2026-03-05 16:13:44.675: [INFO][Sync] Stopped: Edge Workspace
2026-03-05 16:15:33.179: [INFO][Sync] Reset engine, reason: 0
2026-03-05 16:15:39.136: [INFO][Sync] Reset engine, reason: 8
2026-03-05 16:15:39.136: [INFO][Sync] Stopped: Bookmarks
2026-03-05 16:15:39.136: [INFO][Sync] Stopped: Preferences
2026-03-05 16:15:39.136: [INFO][Sync] Stopped: Passwords
2026-03-05 16:15:39.136: [INFO][Sync] Stopped: Autofill Profiles
2026-03-05 16:15:39.136: [INFO][Sync] Stopped: Autofill
2026-03-05 16:15:39.136: [INFO][Sync] Stopped: Extensions
2026-03-05 16:15:39.136: [INFO][Sync] Stopped: Sessions
2026-03-05 16:15:39.136: [INFO][Sync] Stopped: Extension settings
2026-03-05 16:15:39.136: [INFO][Sync] Stopped: History Delete Directives
2026-03-05 16:15:39.136: [INFO][Sync] Stopped: Device Info
2026-03-05 16:15:39.136: [INFO][Sync] Stopped: User Consents
2026-03-05 16:15:39.136: [INFO][Sync] Stopped: Send Tab To Self
2026-03-05 16:15:39.136: [INFO][Sync] Stopped: Web Apps
2026-03-05 16:15:39.136: [INFO][Sync] Stopped: History
2026-03-05 16:15:39.136: [INFO][Sync] Stopped: Saved Tab Group
2026-03-05 16:15:39.136: [INFO][Sync] Stopped: WebAuthn Credentials
2026-03-05 16:15:39.136: [INFO][Sync] Stopped: Collection
2026-03-05 16:15:39.136: [INFO][Sync] Stopped: Edge E Drop
2026-03-05 16:15:39.136: [INFO][Sync] Stopped: Edge Hub App Usage
2026-03-05 16:15:39.136: [INFO][Sync] Stopped: Edge Wallet
2026-03-05 16:15:39.136: [INFO][Sync] Stopped: Edge Workspace
2026-03-05 16:15:39.136: [INFO][Sync] SyncState after authenticated was: NotSignedIn
2026-03-05 16:15:39.293: [INFO][Sync] Reset engine, reason: 8
2026-03-05 16:15:39.293: [INFO][Sync] Stopped: Bookmarks
2026-03-05 16:15:39.293: [INFO][Sync] Stopped: Preferences
2026-03-05 16:15:39.293: [INFO][Sync] Stopped: Passwords
2026-03-05 16:15:39.293: [INFO][Sync] Stopped: Autofill Profiles
2026-03-05 16:15:39.293: [INFO][Sync] Stopped: Autofill
2026-03-05 16:15:39.293: [INFO][Sync] Stopped: Extensions
2026-03-05 16:15:39.293: [INFO][Sync] Stopped: Sessions
2026-03-05 16:15:39.293: [INFO][Sync] Stopped: Extension settings
2026-03-05 16:15:39.293: [INFO][Sync] Stopped: History Delete Directives
2026-03-05 16:15:39.293: [INFO][Sync] Stopped: Device Info
2026-03-05 16:15:39.293: [INFO][Sync] Stopped: User Consents
2026-03-05 16:15:39.293: [INFO][Sync] Stopped: Send Tab To Self
2026-03-05 16:15:39.293: [INFO][Sync] Stopped: Web Apps
2026-03-05 16:15:39.293: [INFO][Sync] Stopped: History
2026-03-05 16:15:39.293: [INFO][Sync] Stopped: Saved Tab Group
2026-03-05 16:15:39.293: [INFO][Sync] Stopped: WebAuthn Credentials
2026-03-05 16:15:39.293: [INFO][Sync] Stopped: Collection
2026-03-05 16:15:39.293: [INFO][Sync] Stopped: Edge E Drop
2026-03-05 16:15:39.293: [INFO][Sync] Stopped: Edge Hub App Usage
2026-03-05 16:15:39.293: [INFO][Sync] Stopped: Edge Wallet
2026-03-05 16:15:39.293: [INFO][Sync] Stopped: Edge Workspace
2026-03-05 16:18:06.807: [INFO][Sync] Reset engine, reason: 0
2026-03-06 15:21:23.073: [INFO][Sync] Reset engine, reason: 8
2026-03-06 15:21:23.073: [INFO][Sync] Stopped: Bookmarks
2026-03-06 15:21:23.073: [INFO][Sync] Stopped: Preferences
2026-03-06 15:21:23.073: [INFO][Sync] Stopped: Passwords
2026-03-06 15:21:23.073: [INFO][Sync] Stopped: Autofill Profiles
2026-03-06 15:21:23.073: [INFO][Sync] Stopped: Autofill
2026-03-06 15:21:23.073: [INFO][Sync] Stopped: Extensions
2026-03-06 15:21:23.073: [INFO][Sync] Stopped: Sessions
2026-03-06 15:21:23.073: [INFO][Sync] Stopped: Extension settings
2026-03-06 15:21:23.073: [INFO][Sync] Stopped: History Delete Directives
2026-03-06 15:21:23.073: [INFO][Sync] Stopped: Device Info
2026-03-06 15:21:23.073: [INFO][Sync] Stopped: User Consents
2026-03-06 15:21:23.073: [INFO][Sync] Stopped: Send Tab To Self
2026-03-06 15:21:23.073: [INFO][Sync] Stopped: Web Apps
2026-03-06 15:21:23.073: [INFO][Sync] Stopped: History
2026-03-06 15:21:23.073: [INFO][Sync] Stopped: Saved Tab Group
2026-03-06 15:21:23.073: [INFO][Sync] Stopped: WebAuthn Credentials
2026-03-06 15:21:23.073: [INFO][Sync] Stopped: Collection
2026-03-06 15:21:23.073: [INFO][Sync] Stopped: Edge E Drop
2026-03-06 15:21:23.073: [INFO][Sync] Stopped: Edge Hub App Usage
2026-03-06 15:21:23.073: [INFO][Sync] Stopped: Edge Wallet
2026-03-06 15:21:23.073: [INFO][Sync] Stopped: Edge Workspace
2026-03-06 15:21:23.073: [INFO][Sync] SyncState after authenticated was: NotSignedIn
2026-03-06 15:21:23.205: [INFO][Sync] Reset engine, reason: 8
2026-03-06 15:21:23.205: [INFO][Sync] Stopped: Bookmarks
2026-03-06 15:21:23.205: [INFO][Sync] Stopped: Preferences
2026-03-06 15:21:23.205: [INFO][Sync] Stopped: Passwords
2026-03-06 15:21:23.205: [INFO][Sync] Stopped: Autofill Profiles
2026-03-06 15:21:23.205: [INFO][Sync] Stopped: Autofill
2026-03-06 15:21:23.205: [INFO][Sync] Stopped: Extensions
2026-03-06 15:21:23.205: [INFO][Sync] Stopped: Sessions
2026-03-06 15:21:23.205: [INFO][Sync] Stopped: Extension settings
2026-03-06 15:21:23.205: [INFO][Sync] Stopped: History Delete Directives
2026-03-06 15:21:23.206: [INFO][Sync] Stopped: Device Info
2026-03-06 15:21:23.206: [INFO][Sync] Stopped: User Consents
2026-03-06 15:21:23.206: [INFO][Sync] Stopped: Send Tab To Self
2026-03-06 15:21:23.206: [INFO][Sync] Stopped: Web Apps
2026-03-06 15:21:23.206: [INFO][Sync] Stopped: History
2026-03-06 15:21:23.206: [INFO][Sync] Stopped: Saved Tab Group
2026-03-06 15:21:23.206: [INFO][Sync] Stopped: WebAuthn Credentials
2026-03-06 15:21:23.206: [INFO][Sync] Stopped: Collection
2026-03-06 15:21:23.206: [INFO][Sync] Stopped: Edge E Drop
2026-03-06 15:21:23.206: [INFO][Sync] Stopped: Edge Hub App Usage
2026-03-06 15:21:23.206: [INFO][Sync] Stopped: Edge Wallet
2026-03-06 15:21:23.206: [INFO][Sync] Stopped: Edge Workspace
2026-03-06 15:23:09.020: [INFO][Sync] Reset engine, reason: 0
2026-03-09 16:01:01.346: [INFO][Sync] Reset engine, reason: 8
2026-03-09 16:01:01.346: [INFO][Sync] Stopped: Bookmarks
2026-03-09 16:01:01.346: [INFO][Sync] Stopped: Preferences
2026-03-09 16:01:01.346: [INFO][Sync] Stopped: Passwords
2026-03-09 16:01:01.346: [INFO][Sync] Stopped: Autofill Profiles
2026-03-09 16:01:01.346: [INFO][Sync] Stopped: Autofill
2026-03-09 16:01:01.346: [INFO][Sync] Stopped: Extensions
2026-03-09 16:01:01.346: [INFO][Sync] Stopped: Sessions
2026-03-09 16:01:01.346: [INFO][Sync] Stopped: Extension settings
2026-03-09 16:01:01.346: [INFO][Sync] Stopped: History Delete Directives
2026-03-09 16:01:01.346: [INFO][Sync] Stopped: Device Info
2026-03-09 16:01:01.346: [INFO][Sync] Stopped: User Consents
2026-03-09 16:01:01.346: [INFO][Sync] Stopped: Send Tab To Self
2026-03-09 16:01:01.346: [INFO][Sync] Stopped: Web Apps
2026-03-09 16:01:01.346: [INFO][Sync] Stopped: History
2026-03-09 16:01:01.346: [INFO][Sync] Stopped: Saved Tab Group
2026-03-09 16:01:01.346: [INFO][Sync] Stopped: WebAuthn Credentials
2026-03-09 16:01:01.346: [INFO][Sync] Stopped: Collection
2026-03-09 16:01:01.346: [INFO][Sync] Stopped: Edge E Drop
2026-03-09 16:01:01.346: [INFO][Sync] Stopped: Edge Hub App Usage
2026-03-09 16:01:01.346: [INFO][Sync] Stopped: Edge Wallet
2026-03-09 16:01:01.346: [INFO][Sync] Stopped: Edge Workspace
2026-03-09 16:01:01.346: [INFO][Sync] SyncState after authenticated was: NotSignedIn
2026-03-09 16:01:01.524: [INFO][Sync] Reset engine, reason: 8
2026-03-09 16:01:01.524: [INFO][Sync] Stopped: Bookmarks
2026-03-09 16:01:01.524: [INFO][Sync] Stopped: Preferences
2026-03-09 16:01:01.524: [INFO][Sync] Stopped: Passwords
2026-03-09 16:01:01.524: [INFO][Sync] Stopped: Autofill Profiles
2026-03-09 16:01:01.524: [INFO][Sync] Stopped: Autofill
2026-03-09 16:01:01.524: [INFO][Sync] Stopped: Extensions
2026-03-09 16:01:01.524: [INFO][Sync] Stopped: Sessions
2026-03-09 16:01:01.524: [INFO][Sync] Stopped: Extension settings
2026-03-09 16:01:01.524: [INFO][Sync] Stopped: History Delete Directives
2026-03-09 16:01:01.524: [INFO][Sync] Stopped: Device Info
2026-03-09 16:01:01.524: [INFO][Sync] Stopped: User Consents
2026-03-09 16:01:01.524: [INFO][Sync] Stopped: Send Tab To Self
2026-03-09 16:01:01.524: [INFO][Sync] Stopped: Web Apps
2026-03-09 16:01:01.524: [INFO][Sync] Stopped: History
2026-03-09 16:01:01.524: [INFO][Sync] Stopped: Saved Tab Group
2026-03-09 16:01:01.524: [INFO][Sync] Stopped: WebAuthn Credentials
2026-03-09 16:01:01.524: [INFO][Sync] Stopped: Collection
2026-03-09 16:01:01.524: [INFO][Sync] Stopped: Edge E Drop
2026-03-09 16:01:01.524: [INFO][Sync] Stopped: Edge Hub App Usage
2026-03-09 16:01:01.524: [INFO][Sync] Stopped: Edge Wallet
2026-03-09 16:01:01.524: [INFO][Sync] Stopped: Edge Workspace
2026-03-09 16:02:49.778: [INFO][Sync] Reset engine, reason: 0
2026-03-09 16:59:30.536: [INFO][Sync] Reset engine, reason: 8
2026-03-09 16:59:30.536: [INFO][Sync] Stopped: Bookmarks
2026-03-09 16:59:30.536: [INFO][Sync] Stopped: Preferences
2026-03-09 16:59:30.536: [INFO][Sync] Stopped: Passwords
2026-03-09 16:59:30.536: [INFO][Sync] Stopped: Autofill Profiles
2026-03-09 16:59:30.536: [INFO][Sync] Stopped: Autofill
2026-03-09 16:59:30.536: [INFO][Sync] Stopped: Extensions
2026-03-09 16:59:30.536: [INFO][Sync] Stopped: Sessions
2026-03-09 16:59:30.536: [INFO][Sync] Stopped: Extension settings
2026-03-09 16:59:30.536: [INFO][Sync] Stopped: History Delete Directives
2026-03-09 16:59:30.536: [INFO][Sync] Stopped: Device Info
2026-03-09 16:59:30.536: [INFO][Sync] Stopped: User Consents
2026-03-09 16:59:30.536: [INFO][Sync] Stopped: Send Tab To Self
2026-03-09 16:59:30.536: [INFO][Sync] Stopped: Web Apps
2026-03-09 16:59:30.536: [INFO][Sync] Stopped: History
2026-03-09 16:59:30.536: [INFO][Sync] Stopped: Saved Tab Group
2026-03-09 16:59:30.536: [INFO][Sync] Stopped: WebAuthn Credentials
2026-03-09 16:59:30.536: [INFO][Sync] Stopped: Collection
2026-03-09 16:59:30.536: [INFO][Sync] Stopped: Edge E Drop
2026-03-09 16:59:30.536: [INFO][Sync] Stopped: Edge Hub App Usage
2026-03-09 16:59:30.536: [INFO][Sync] Stopped: Edge Wallet
2026-03-09 16:59:30.536: [INFO][Sync] Stopped: Edge Workspace
2026-03-09 16:59:30.536: [INFO][Sync] SyncState after authenticated was: NotSignedIn
2026-03-09 16:59:30.686: [INFO][Sync] Reset engine, reason: 8
2026-03-09 16:59:30.686: [INFO][Sync] Stopped: Bookmarks
2026-03-09 16:59:30.686: [INFO][Sync] Stopped: Preferences
2026-03-09 16:59:30.686: [INFO][Sync] Stopped: Passwords
2026-03-09 16:59:30.686: [INFO][Sync] Stopped: Autofill Profiles
2026-03-09 16:59:30.686: [INFO][Sync] Stopped: Autofill
2026-03-09 16:59:30.686: [INFO][Sync] Stopped: Extensions
2026-03-09 16:59:30.686: [INFO][Sync] Stopped: Sessions
2026-03-09 16:59:30.686: [INFO][Sync] Stopped: Extension settings
2026-03-09 16:59:30.686: [INFO][Sync] Stopped: History Delete Directives
2026-03-09 16:59:30.686: [INFO][Sync] Stopped: Device Info
2026-03-09 16:59:30.686: [INFO][Sync] Stopped: User Consents
2026-03-09 16:59:30.686: [INFO][Sync] Stopped: Send Tab To Self
2026-03-09 16:59:30.686: [INFO][Sync] Stopped: Web Apps
2026-03-09 16:59:30.686: [INFO][Sync] Stopped: History
2026-03-09 16:59:30.686: [INFO][Sync] Stopped: Saved Tab Group
2026-03-09 16:59:30.686: [INFO][Sync] Stopped: WebAuthn Credentials
2026-03-09 16:59:30.686: [INFO][Sync] Stopped: Collection
2026-03-09 16:59:30.686: [INFO][Sync] Stopped: Edge E Drop
2026-03-09 16:59:30.686: [INFO][Sync] Stopped: Edge Hub App Usage
2026-03-09 16:59:30.686: [INFO][Sync] Stopped: Edge Wallet
2026-03-09 16:59:30.686: [INFO][Sync] Stopped: Edge Workspace
2026-03-09 17:01:19.568: [INFO][Sync] Reset engine, reason: 0
2026-03-11 22:59:23.588: [INFO][Sync] Reset engine, reason: 8
2026-03-11 22:59:23.588: [INFO][Sync] Stopped: Bookmarks
2026-03-11 22:59:23.588: [INFO][Sync] Stopped: Preferences
2026-03-11 22:59:23.588: [INFO][Sync] Stopped: Passwords
2026-03-11 22:59:23.588: [INFO][Sync] Stopped: Autofill Profiles
2026-03-11 22:59:23.588: [INFO][Sync] Stopped: Autofill
2026-03-11 22:59:23.588: [INFO][Sync] Stopped: Extensions
2026-03-11 22:59:23.588: [INFO][Sync] Stopped: Sessions
2026-03-11 22:59:23.588: [INFO][Sync] Stopped: Extension settings
2026-03-11 22:59:23.588: [INFO][Sync] Stopped: History Delete Directives
2026-03-11 22:59:23.588: [INFO][Sync] Stopped: Device Info
2026-03-11 22:59:23.588: [INFO][Sync] Stopped: User Consents
2026-03-11 22:59:23.588: [INFO][Sync] Stopped: Send Tab To Self
2026-03-11 22:59:23.588: [INFO][Sync] Stopped: Web Apps
2026-03-11 22:59:23.588: [INFO][Sync] Stopped: History
2026-03-11 22:59:23.588: [INFO][Sync] Stopped: Saved Tab Group
2026-03-11 22:59:23.588: [INFO][Sync] Stopped: WebAuthn Credentials
2026-03-11 22:59:23.588: [INFO][Sync] Stopped: Collection
2026-03-11 22:59:23.588: [INFO][Sync] Stopped: Edge E Drop
2026-03-11 22:59:23.588: [INFO][Sync] Stopped: Edge Hub App Usage
2026-03-11 22:59:23.588: [INFO][Sync] Stopped: Edge Wallet
2026-03-11 22:59:23.588: [INFO][Sync] Stopped: Edge Workspace
2026-03-11 22:59:23.588: [INFO][Sync] SyncState after authenticated was: NotSignedIn
2026-03-11 22:59:23.712: [INFO][Sync] Reset engine, reason: 8
2026-03-11 22:59:23.712: [INFO][Sync] Stopped: Bookmarks
2026-03-11 22:59:23.712: [INFO][Sync] Stopped: Preferences
2026-03-11 22:59:23.712: [INFO][Sync] Stopped: Passwords
2026-03-11 22:59:23.712: [INFO][Sync] Stopped: Autofill Profiles
2026-03-11 22:59:23.712: [INFO][Sync] Stopped: Autofill
2026-03-11 22:59:23.712: [INFO][Sync] Stopped: Extensions
2026-03-11 22:59:23.712: [INFO][Sync] Stopped: Sessions
2026-03-11 22:59:23.712: [INFO][Sync] Stopped: Extension settings
2026-03-11 22:59:23.712: [INFO][Sync] Stopped: History Delete Directives
2026-03-11 22:59:23.712: [INFO][Sync] Stopped: Device Info
2026-03-11 22:59:23.712: [INFO][Sync] Stopped: User Consents
2026-03-11 22:59:23.712: [INFO][Sync] Stopped: Send Tab To Self
2026-03-11 22:59:23.712: [INFO][Sync] Stopped: Web Apps
2026-03-11 22:59:23.712: [INFO][Sync] Stopped: History
2026-03-11 22:59:23.712: [INFO][Sync] Stopped: Saved Tab Group
2026-03-11 22:59:23.712: [INFO][Sync] Stopped: WebAuthn Credentials
2026-03-11 22:59:23.712: [INFO][Sync] Stopped: Collection
2026-03-11 22:59:23.713: [INFO][Sync] Stopped: Edge E Drop
2026-03-11 22:59:23.713: [INFO][Sync] Stopped: Edge Hub App Usage
2026-03-11 22:59:23.713: [INFO][Sync] Stopped: Edge Wallet
2026-03-11 22:59:23.713: [INFO][Sync] Stopped: Edge Workspace
2026-03-11 23:01:44.596: [INFO][Sync] Reset engine, reason: 0
2026-03-12 13:02:33.186: [INFO][Sync] Reset engine, reason: 8
2026-03-12 13:02:33.186: [INFO][Sync] Stopped: Bookmarks
2026-03-12 13:02:33.186: [INFO][Sync] Stopped: Preferences
2026-03-12 13:02:33.186: [INFO][Sync] Stopped: Passwords
2026-03-12 13:02:33.186: [INFO][Sync] Stopped: Autofill Profiles
2026-03-12 13:02:33.186: [INFO][Sync] Stopped: Autofill
2026-03-12 13:02:33.186: [INFO][Sync] Stopped: Extensions
2026-03-12 13:02:33.186: [INFO][Sync] Stopped: Sessions
2026-03-12 13:02:33.186: [INFO][Sync] Stopped: Extension settings
2026-03-12 13:02:33.186: [INFO][Sync] Stopped: History Delete Directives
2026-03-12 13:02:33.186: [INFO][Sync] Stopped: Device Info
2026-03-12 13:02:33.186: [INFO][Sync] Stopped: User Consents
2026-03-12 13:02:33.186: [INFO][Sync] Stopped: Send Tab To Self
2026-03-12 13:02:33.186: [INFO][Sync] Stopped: Web Apps
2026-03-12 13:02:33.186: [INFO][Sync] Stopped: History
2026-03-12 13:02:33.186: [INFO][Sync] Stopped: Saved Tab Group
2026-03-12 13:02:33.186: [INFO][Sync] Stopped: WebAuthn Credentials
2026-03-12 13:02:33.186: [INFO][Sync] Stopped: Collection
2026-03-12 13:02:33.186: [INFO][Sync] Stopped: Edge E Drop
2026-03-12 13:02:33.186: [INFO][Sync] Stopped: Edge Hub App Usage
2026-03-12 13:02:33.186: [INFO][Sync] Stopped: Edge Wallet
2026-03-12 13:02:33.186: [INFO][Sync] Stopped: Edge Workspace
2026-03-12 13:02:33.187: [INFO][Sync] SyncState after authenticated was: NotSignedIn
2026-03-12 13:02:33.312: [INFO][Sync] Reset engine, reason: 8
2026-03-12 13:02:33.312: [INFO][Sync] Stopped: Bookmarks
2026-03-12 13:02:33.312: [INFO][Sync] Stopped: Preferences
2026-03-12 13:02:33.312: [INFO][Sync] Stopped: Passwords
2026-03-12 13:02:33.312: [INFO][Sync] Stopped: Autofill Profiles
2026-03-12 13:02:33.312: [INFO][Sync] Stopped: Autofill
2026-03-12 13:02:33.312: [INFO][Sync] Stopped: Extensions
2026-03-12 13:02:33.312: [INFO][Sync] Stopped: Sessions
2026-03-12 13:02:33.312: [INFO][Sync] Stopped: Extension settings
2026-03-12 13:02:33.312: [INFO][Sync] Stopped: History Delete Directives
2026-03-12 13:02:33.312: [INFO][Sync] Stopped: Device Info
2026-03-12 13:02:33.312: [INFO][Sync] Stopped: User Consents
2026-03-12 13:02:33.312: [INFO][Sync] Stopped: Send Tab To Self
2026-03-12 13:02:33.312: [INFO][Sync] Stopped: Web Apps
2026-03-12 13:02:33.312: [INFO][Sync] Stopped: History
2026-03-12 13:02:33.312: [INFO][Sync] Stopped: Saved Tab Group
2026-03-12 13:02:33.312: [INFO][Sync] Stopped: WebAuthn Credentials
2026-03-12 13:02:33.312: [INFO][Sync] Stopped: Collection
2026-03-12 13:02:33.312: [INFO][Sync] Stopped: Edge E Drop
2026-03-12 13:02:33.312: [INFO][Sync] Stopped: Edge Hub App Usage
2026-03-12 13:02:33.312: [INFO][Sync] Stopped: Edge Wallet
2026-03-12 13:02:33.312: [INFO][Sync] Stopped: Edge Workspace
2026-03-12 13:04:30.824: [INFO][Sync] Reset engine, reason: 0
2026-03-13 15:29:28.374: [INFO][Sync] Reset engine, reason: 8
2026-03-13 15:29:28.374: [INFO][Sync] Stopped: Bookmarks
2026-03-13 15:29:28.374: [INFO][Sync] Stopped: Preferences
2026-03-13 15:29:28.374: [INFO][Sync] Stopped: Passwords
2026-03-13 15:29:28.374: [INFO][Sync] Stopped: Autofill Profiles
2026-03-13 15:29:28.374: [INFO][Sync] Stopped: Autofill
2026-03-13 15:29:28.374: [INFO][Sync] Stopped: Extensions
2026-03-13 15:29:28.374: [INFO][Sync] Stopped: Sessions
2026-03-13 15:29:28.374: [INFO][Sync] Stopped: Extension settings
2026-03-13 15:29:28.374: [INFO][Sync] Stopped: History Delete Directives
2026-03-13 15:29:28.374: [INFO][Sync] Stopped: Device Info
2026-03-13 15:29:28.374: [INFO][Sync] Stopped: User Consents
2026-03-13 15:29:28.374: [INFO][Sync] Stopped: Send Tab To Self
2026-03-13 15:29:28.374: [INFO][Sync] Stopped: Web Apps
2026-03-13 15:29:28.374: [INFO][Sync] Stopped: History
2026-03-13 15:29:28.374: [INFO][Sync] Stopped: Saved Tab Group
2026-03-13 15:29:28.374: [INFO][Sync] Stopped: WebAuthn Credentials
2026-03-13 15:29:28.374: [INFO][Sync] Stopped: Collection
2026-03-13 15:29:28.374: [INFO][Sync] Stopped: Edge E Drop
2026-03-13 15:29:28.374: [INFO][Sync] Stopped: Edge Hub App Usage
2026-03-13 15:29:28.374: [INFO][Sync] Stopped: Edge Wallet
2026-03-13 15:29:28.374: [INFO][Sync] Stopped: Edge Workspace
2026-03-13 15:29:28.374: [INFO][Sync] SyncState after authenticated was: NotSignedIn
2026-03-13 15:29:28.521: [INFO][Sync] Reset engine, reason: 8
2026-03-13 15:29:28.521: [INFO][Sync] Stopped: Bookmarks
2026-03-13 15:29:28.521: [INFO][Sync] Stopped: Preferences
2026-03-13 15:29:28.521: [INFO][Sync] Stopped: Passwords
2026-03-13 15:29:28.521: [INFO][Sync] Stopped: Autofill Profiles
2026-03-13 15:29:28.521: [INFO][Sync] Stopped: Autofill
2026-03-13 15:29:28.521: [INFO][Sync] Stopped: Extensions
2026-03-13 15:29:28.521: [INFO][Sync] Stopped: Sessions
2026-03-13 15:29:28.521: [INFO][Sync] Stopped: Extension settings
2026-03-13 15:29:28.521: [INFO][Sync] Stopped: History Delete Directives
2026-03-13 15:29:28.521: [INFO][Sync] Stopped: Device Info
2026-03-13 15:29:28.521: [INFO][Sync] Stopped: User Consents
2026-03-13 15:29:28.521: [INFO][Sync] Stopped: Send Tab To Self
2026-03-13 15:29:28.521: [INFO][Sync] Stopped: Web Apps
2026-03-13 15:29:28.521: [INFO][Sync] Stopped: History
2026-03-13 15:29:28.521: [INFO][Sync] Stopped: Saved Tab Group
2026-03-13 15:29:28.521: [INFO][Sync] Stopped: WebAuthn Credentials
2026-03-13 15:29:28.521: [INFO][Sync] Stopped: Collection
2026-03-13 15:29:28.521: [INFO][Sync] Stopped: Edge E Drop
2026-03-13 15:29:28.521: [INFO][Sync] Stopped: Edge Hub App Usage
2026-03-13 15:29:28.521: [INFO][Sync] Stopped: Edge Wallet
2026-03-13 15:29:28.521: [INFO][Sync] Stopped: Edge Workspace
2026-03-13 15:31:46.141: [INFO][Sync] Reset engine, reason: 0
2026-03-15 18:42:07.077: [INFO][Sync] Reset engine, reason: 8
2026-03-15 18:42:07.077: [INFO][Sync] Stopped: Bookmarks
2026-03-15 18:42:07.077: [INFO][Sync] Stopped: Preferences
2026-03-15 18:42:07.077: [INFO][Sync] Stopped: Passwords
2026-03-15 18:42:07.077: [INFO][Sync] Stopped: Autofill Profiles
2026-03-15 18:42:07.077: [INFO][Sync] Stopped: Autofill
2026-03-15 18:42:07.077: [INFO][Sync] Stopped: Extensions
2026-03-15 18:42:07.077: [INFO][Sync] Stopped: Sessions
2026-03-15 18:42:07.077: [INFO][Sync] Stopped: Extension settings
2026-03-15 18:42:07.077: [INFO][Sync] Stopped: History Delete Directives
2026-03-15 18:42:07.077: [INFO][Sync] Stopped: Device Info
2026-03-15 18:42:07.077: [INFO][Sync] Stopped: User Consents
2026-03-15 18:42:07.077: [INFO][Sync] Stopped: Send Tab To Self
2026-03-15 18:42:07.077: [INFO][Sync] Stopped: Web Apps
2026-03-15 18:42:07.077: [INFO][Sync] Stopped: History
2026-03-15 18:42:07.077: [INFO][Sync] Stopped: Saved Tab Group
2026-03-15 18:42:07.077: [INFO][Sync] Stopped: WebAuthn Credentials
2026-03-15 18:42:07.077: [INFO][Sync] Stopped: Collection
2026-03-15 18:42:07.077: [INFO][Sync] Stopped: Edge E Drop
2026-03-15 18:42:07.077: [INFO][Sync] Stopped: Edge Hub App Usage
2026-03-15 18:42:07.077: [INFO][Sync] Stopped: Edge Wallet
2026-03-15 18:42:07.077: [INFO][Sync] Stopped: Edge Workspace
2026-03-15 18:42:07.078: [INFO][Sync] SyncState after authenticated was: NotSignedIn
2026-03-15 18:42:07.303: [INFO][Sync] Reset engine, reason: 8
2026-03-15 18:42:07.303: [INFO][Sync] Stopped: Bookmarks
2026-03-15 18:42:07.303: [INFO][Sync] Stopped: Preferences
2026-03-15 18:42:07.303: [INFO][Sync] Stopped: Passwords
2026-03-15 18:42:07.303: [INFO][Sync] Stopped: Autofill Profiles
2026-03-15 18:42:07.303: [INFO][Sync] Stopped: Autofill
2026-03-15 18:42:07.303: [INFO][Sync] Stopped: Extensions
2026-03-15 18:42:07.303: [INFO][Sync] Stopped: Sessions
2026-03-15 18:42:07.303: [INFO][Sync] Stopped: Extension settings
2026-03-15 18:42:07.303: [INFO][Sync] Stopped: History Delete Directives
2026-03-15 18:42:07.303: [INFO][Sync] Stopped: Device Info
2026-03-15 18:42:07.303: [INFO][Sync] Stopped: User Consents
2026-03-15 18:42:07.303: [INFO][Sync] Stopped: Send Tab To Self
2026-03-15 18:42:07.303: [INFO][Sync] Stopped: Web Apps
2026-03-15 18:42:07.303: [INFO][Sync] Stopped: History
2026-03-15 18:42:07.303: [INFO][Sync] Stopped: Saved Tab Group
2026-03-15 18:42:07.303: [INFO][Sync] Stopped: WebAuthn Credentials
2026-03-15 18:42:07.303: [INFO][Sync] Stopped: Collection
2026-03-15 18:42:07.303: [INFO][Sync] Stopped: Edge E Drop
2026-03-15 18:42:07.303: [INFO][Sync] Stopped: Edge Hub App Usage
2026-03-15 18:42:07.303: [INFO][Sync] Stopped: Edge Wallet
2026-03-15 18:42:07.303: [INFO][Sync] Stopped: Edge Workspace
2026-03-15 18:43:47.958: [INFO][Sync] Reset engine, reason: 0
2026-03-15 18:44:48.467: [INFO][Sync] Reset engine, reason: 8
2026-03-15 18:44:48.467: [INFO][Sync] Stopped: Bookmarks
2026-03-15 18:44:48.467: [INFO][Sync] Stopped: Preferences
2026-03-15 18:44:48.467: [INFO][Sync] Stopped: Passwords
2026-03-15 18:44:48.467: [INFO][Sync] Stopped: Autofill Profiles
2026-03-15 18:44:48.467: [INFO][Sync] Stopped: Autofill
2026-03-15 18:44:48.467: [INFO][Sync] Stopped: Extensions
2026-03-15 18:44:48.467: [INFO][Sync] Stopped: Sessions
2026-03-15 18:44:48.467: [INFO][Sync] Stopped: Extension settings
2026-03-15 18:44:48.467: [INFO][Sync] Stopped: History Delete Directives
2026-03-15 18:44:48.467: [INFO][Sync] Stopped: Device Info
2026-03-15 18:44:48.467: [INFO][Sync] Stopped: User Consents
2026-03-15 18:44:48.467: [INFO][Sync] Stopped: Send Tab To Self
2026-03-15 18:44:48.467: [INFO][Sync] Stopped: Web Apps
2026-03-15 18:44:48.467: [INFO][Sync] Stopped: History
2026-03-15 18:44:48.467: [INFO][Sync] Stopped: Saved Tab Group
2026-03-15 18:44:48.467: [INFO][Sync] Stopped: WebAuthn Credentials
2026-03-15 18:44:48.467: [INFO][Sync] Stopped: Collection
2026-03-15 18:44:48.467: [INFO][Sync] Stopped: Edge E Drop
2026-03-15 18:44:48.467: [INFO][Sync] Stopped: Edge Hub App Usage
2026-03-15 18:44:48.467: [INFO][Sync] Stopped: Edge Wallet
2026-03-15 18:44:48.467: [INFO][Sync] Stopped: Edge Workspace
2026-03-15 18:44:48.467: [INFO][Sync] SyncState after authenticated was: NotSignedIn
2026-03-15 18:44:48.690: [INFO][Sync] Reset engine, reason: 8
2026-03-15 18:44:48.690: [INFO][Sync] Stopped: Bookmarks
2026-03-15 18:44:48.690: [INFO][Sync] Stopped: Preferences
2026-03-15 18:44:48.690: [INFO][Sync] Stopped: Passwords
2026-03-15 18:44:48.690: [INFO][Sync] Stopped: Autofill Profiles
2026-03-15 18:44:48.690: [INFO][Sync] Stopped: Autofill
2026-03-15 18:44:48.690: [INFO][Sync] Stopped: Extensions
2026-03-15 18:44:48.690: [INFO][Sync] Stopped: Sessions
2026-03-15 18:44:48.690: [INFO][Sync] Stopped: Extension settings
2026-03-15 18:44:48.690: [INFO][Sync] Stopped: History Delete Directives
2026-03-15 18:44:48.690: [INFO][Sync] Stopped: Device Info
2026-03-15 18:44:48.690: [INFO][Sync] Stopped: User Consents
2026-03-15 18:44:48.690: [INFO][Sync] Stopped: Send Tab To Self
2026-03-15 18:44:48.690: [INFO][Sync] Stopped: Web Apps
2026-03-15 18:44:48.690: [INFO][Sync] Stopped: History
2026-03-15 18:44:48.690: [INFO][Sync] Stopped: Saved Tab Group
2026-03-15 18:44:48.690: [INFO][Sync] Stopped: WebAuthn Credentials
2026-03-15 18:44:48.690: [INFO][Sync] Stopped: Collection
2026-03-15 18:44:48.691: [INFO][Sync] Stopped: Edge E Drop
2026-03-15 18:44:48.691: [INFO][Sync] Stopped: Edge Hub App Usage
2026-03-15 18:44:48.691: [INFO][Sync] Stopped: Edge Wallet
2026-03-15 18:44:48.691: [INFO][Sync] Stopped: Edge Workspace
2026-03-15 18:47:07.921: [INFO][Sync] Reset engine, reason: 0
2026-03-15 19:23:01.326: [INFO][Sync] Reset engine, reason: 8
2026-03-15 19:23:01.326: [INFO][Sync] Stopped: Bookmarks
2026-03-15 19:23:01.326: [INFO][Sync] Stopped: Preferences
2026-03-15 19:23:01.326: [INFO][Sync] Stopped: Passwords
2026-03-15 19:23:01.326: [INFO][Sync] Stopped: Autofill Profiles
2026-03-15 19:23:01.326: [INFO][Sync] Stopped: Autofill
2026-03-15 19:23:01.326: [INFO][Sync] Stopped: Extensions
2026-03-15 19:23:01.326: [INFO][Sync] Stopped: Sessions
2026-03-15 19:23:01.327: [INFO][Sync] Stopped: Extension settings
2026-03-15 19:23:01.327: [INFO][Sync] Stopped: History Delete Directives
2026-03-15 19:23:01.327: [INFO][Sync] Stopped: Device Info
2026-03-15 19:23:01.327: [INFO][Sync] Stopped: User Consents
2026-03-15 19:23:01.327: [INFO][Sync] Stopped: Send Tab To Self
2026-03-15 19:23:01.327: [INFO][Sync] Stopped: Web Apps
2026-03-15 19:23:01.327: [INFO][Sync] Stopped: History
2026-03-15 19:23:01.327: [INFO][Sync] Stopped: Saved Tab Group
2026-03-15 19:23:01.327: [INFO][Sync] Stopped: WebAuthn Credentials
2026-03-15 19:23:01.327: [INFO][Sync] Stopped: Collection
2026-03-15 19:23:01.327: [INFO][Sync] Stopped: Edge E Drop
2026-03-15 19:23:01.327: [INFO][Sync] Stopped: Edge Hub App Usage
2026-03-15 19:23:01.327: [INFO][Sync] Stopped: Edge Wallet
2026-03-15 19:23:01.327: [INFO][Sync] Stopped: Edge Workspace
2026-03-15 19:23:01.327: [INFO][Sync] SyncState after authenticated was: NotSignedIn
2026-03-15 19:23:01.896: [INFO][Sync] Reset engine, reason: 8
2026-03-15 19:23:01.896: [INFO][Sync] Stopped: Bookmarks
2026-03-15 19:23:01.896: [INFO][Sync] Stopped: Preferences
2026-03-15 19:23:01.896: [INFO][Sync] Stopped: Passwords
2026-03-15 19:23:01.896: [INFO][Sync] Stopped: Autofill Profiles
2026-03-15 19:23:01.896: [INFO][Sync] Stopped: Autofill
2026-03-15 19:23:01.896: [INFO][Sync] Stopped: Extensions
2026-03-15 19:23:01.896: [INFO][Sync] Stopped: Sessions
2026-03-15 19:23:01.896: [INFO][Sync] Stopped: Extension settings
2026-03-15 19:23:01.897: [INFO][Sync] Stopped: History Delete Directives
2026-03-15 19:23:01.897: [INFO][Sync] Stopped: Device Info
2026-03-15 19:23:01.897: [INFO][Sync] Stopped: User Consents
2026-03-15 19:23:01.897: [INFO][Sync] Stopped: Send Tab To Self
2026-03-15 19:23:01.897: [INFO][Sync] Stopped: Web Apps
2026-03-15 19:23:01.897: [INFO][Sync] Stopped: History
2026-03-15 19:23:01.897: [INFO][Sync] Stopped: Saved Tab Group
2026-03-15 19:23:01.897: [INFO][Sync] Stopped: WebAuthn Credentials
2026-03-15 19:23:01.897: [INFO][Sync] Stopped: Collection
2026-03-15 19:23:01.897: [INFO][Sync] Stopped: Edge E Drop
2026-03-15 19:23:01.897: [INFO][Sync] Stopped: Edge Hub App Usage
2026-03-15 19:23:01.897: [INFO][Sync] Stopped: Edge Wallet
2026-03-15 19:23:01.897: [INFO][Sync] Stopped: Edge Workspace
2026-03-15 19:25:17.573: [INFO][Sync] Reset engine, reason: 0
2026-03-15 19:25:49.851: [INFO][Sync] Reset engine, reason: 8
2026-03-15 19:25:49.851: [INFO][Sync] Stopped: Bookmarks
2026-03-15 19:25:49.851: [INFO][Sync] Stopped: Preferences
2026-03-15 19:25:49.851: [INFO][Sync] Stopped: Passwords
2026-03-15 19:25:49.851: [INFO][Sync] Stopped: Autofill Profiles
2026-03-15 19:25:49.851: [INFO][Sync] Stopped: Autofill
2026-03-15 19:25:49.851: [INFO][Sync] Stopped: Extensions
2026-03-15 19:25:49.851: [INFO][Sync] Stopped: Sessions
2026-03-15 19:25:49.851: [INFO][Sync] Stopped: Extension settings
2026-03-15 19:25:49.851: [INFO][Sync] Stopped: History Delete Directives
2026-03-15 19:25:49.851: [INFO][Sync] Stopped: Device Info
2026-03-15 19:25:49.851: [INFO][Sync] Stopped: User Consents
2026-03-15 19:25:49.851: [INFO][Sync] Stopped: Send Tab To Self
2026-03-15 19:25:49.851: [INFO][Sync] Stopped: Web Apps
2026-03-15 19:25:49.851: [INFO][Sync] Stopped: History
2026-03-15 19:25:49.851: [INFO][Sync] Stopped: Saved Tab Group
2026-03-15 19:25:49.851: [INFO][Sync] Stopped: WebAuthn Credentials
2026-03-15 19:25:49.851: [INFO][Sync] Stopped: Collection
2026-03-15 19:25:49.851: [INFO][Sync] Stopped: Edge E Drop
2026-03-15 19:25:49.851: [INFO][Sync] Stopped: Edge Hub App Usage
2026-03-15 19:25:49.851: [INFO][Sync] Stopped: Edge Wallet
2026-03-15 19:25:49.851: [INFO][Sync] Stopped: Edge Workspace
2026-03-15 19:25:49.851: [INFO][Sync] SyncState after authenticated was: NotSignedIn
2026-03-15 19:25:50.066: [INFO][Sync] Reset engine, reason: 8
2026-03-15 19:25:50.066: [INFO][Sync] Stopped: Bookmarks
2026-03-15 19:25:50.066: [INFO][Sync] Stopped: Preferences
2026-03-15 19:25:50.066: [INFO][Sync] Stopped: Passwords
2026-03-15 19:25:50.066: [INFO][Sync] Stopped: Autofill Profiles
2026-03-15 19:25:50.066: [INFO][Sync] Stopped: Autofill
2026-03-15 19:25:50.066: [INFO][Sync] Stopped: Extensions
2026-03-15 19:25:50.066: [INFO][Sync] Stopped: Sessions
2026-03-15 19:25:50.066: [INFO][Sync] Stopped: Extension settings
2026-03-15 19:25:50.066: [INFO][Sync] Stopped: History Delete Directives
2026-03-15 19:25:50.066: [INFO][Sync] Stopped: Device Info
2026-03-15 19:25:50.066: [INFO][Sync] Stopped: User Consents
2026-03-15 19:25:50.066: [INFO][Sync] Stopped: Send Tab To Self
2026-03-15 19:25:50.066: [INFO][Sync] Stopped: Web Apps
2026-03-15 19:25:50.066: [INFO][Sync] Stopped: History
2026-03-15 19:25:50.066: [INFO][Sync] Stopped: Saved Tab Group
2026-03-15 19:25:50.066: [INFO][Sync] Stopped: WebAuthn Credentials
2026-03-15 19:25:50.066: [INFO][Sync] Stopped: Collection
2026-03-15 19:25:50.066: [INFO][Sync] Stopped: Edge E Drop
2026-03-15 19:25:50.066: [INFO][Sync] Stopped: Edge Hub App Usage
2026-03-15 19:25:50.066: [INFO][Sync] Stopped: Edge Wallet
2026-03-15 19:25:50.066: [INFO][Sync] Stopped: Edge Workspace
2026-03-15 19:27:45.647: [INFO][Sync] Reset engine, reason: 0
2026-03-15 19:27:59.209: [INFO][Sync] Reset engine, reason: 8
2026-03-15 19:27:59.209: [INFO][Sync] Stopped: Bookmarks
2026-03-15 19:27:59.209: [INFO][Sync] Stopped: Preferences
2026-03-15 19:27:59.209: [INFO][Sync] Stopped: Passwords
2026-03-15 19:27:59.209: [INFO][Sync] Stopped: Autofill Profiles
2026-03-15 19:27:59.209: [INFO][Sync] Stopped: Autofill
2026-03-15 19:27:59.209: [INFO][Sync] Stopped: Extensions
2026-03-15 19:27:59.209: [INFO][Sync] Stopped: Sessions
2026-03-15 19:27:59.209: [INFO][Sync] Stopped: Extension settings
2026-03-15 19:27:59.209: [INFO][Sync] Stopped: History Delete Directives
2026-03-15 19:27:59.209: [INFO][Sync] Stopped: Device Info
2026-03-15 19:27:59.209: [INFO][Sync] Stopped: User Consents
2026-03-15 19:27:59.209: [INFO][Sync] Stopped: Send Tab To Self
2026-03-15 19:27:59.209: [INFO][Sync] Stopped: Web Apps
2026-03-15 19:27:59.209: [INFO][Sync] Stopped: History
2026-03-15 19:27:59.209: [INFO][Sync] Stopped: Saved Tab Group
2026-03-15 19:27:59.209: [INFO][Sync] Stopped: WebAuthn Credentials
2026-03-15 19:27:59.209: [INFO][Sync] Stopped: Collection
2026-03-15 19:27:59.209: [INFO][Sync] Stopped: Edge E Drop
2026-03-15 19:27:59.209: [INFO][Sync] Stopped: Edge Hub App Usage
2026-03-15 19:27:59.209: [INFO][Sync] Stopped: Edge Wallet
2026-03-15 19:27:59.209: [INFO][Sync] Stopped: Edge Workspace
2026-03-15 19:27:59.209: [INFO][Sync] SyncState after authenticated was: NotSignedIn
2026-03-15 19:27:59.406: [INFO][Sync] Reset engine, reason: 8
2026-03-15 19:27:59.406: [INFO][Sync] Stopped: Bookmarks
2026-03-15 19:27:59.406: [INFO][Sync] Stopped: Preferences
2026-03-15 19:27:59.406: [INFO][Sync] Stopped: Passwords
2026-03-15 19:27:59.406: [INFO][Sync] Stopped: Autofill Profiles
2026-03-15 19:27:59.406: [INFO][Sync] Stopped: Autofill
2026-03-15 19:27:59.406: [INFO][Sync] Stopped: Extensions
2026-03-15 19:27:59.406: [INFO][Sync] Stopped: Sessions
2026-03-15 19:27:59.406: [INFO][Sync] Stopped: Extension settings
2026-03-15 19:27:59.406: [INFO][Sync] Stopped: History Delete Directives
2026-03-15 19:27:59.406: [INFO][Sync] Stopped: Device Info
2026-03-15 19:27:59.406: [INFO][Sync] Stopped: User Consents
2026-03-15 19:27:59.406: [INFO][Sync] Stopped: Send Tab To Self
2026-03-15 19:27:59.406: [INFO][Sync] Stopped: Web Apps
2026-03-15 19:27:59.406: [INFO][Sync] Stopped: History
2026-03-15 19:27:59.406: [INFO][Sync] Stopped: Saved Tab Group
2026-03-15 19:27:59.406: [INFO][Sync] Stopped: WebAuthn Credentials
2026-03-15 19:27:59.406: [INFO][Sync] Stopped: Collection
2026-03-15 19:27:59.406: [INFO][Sync] Stopped: Edge E Drop
2026-03-15 19:27:59.406: [INFO][Sync] Stopped: Edge Hub App Usage
2026-03-15 19:27:59.406: [INFO][Sync] Stopped: Edge Wallet
2026-03-15 19:27:59.406: [INFO][Sync] Stopped: Edge Workspace
2026-03-15 19:29:20.294: [INFO][Sync] Reset engine, reason: 0
2026-03-15 19:29:28.950: [INFO][Sync] Reset engine, reason: 8
2026-03-15 19:29:28.950: [INFO][Sync] Stopped: Bookmarks
2026-03-15 19:29:28.950: [INFO][Sync] Stopped: Preferences
2026-03-15 19:29:28.950: [INFO][Sync] Stopped: Passwords
2026-03-15 19:29:28.950: [INFO][Sync] Stopped: Autofill Profiles
2026-03-15 19:29:28.950: [INFO][Sync] Stopped: Autofill
2026-03-15 19:29:28.950: [INFO][Sync] Stopped: Extensions
2026-03-15 19:29:28.950: [INFO][Sync] Stopped: Sessions
2026-03-15 19:29:28.950: [INFO][Sync] Stopped: Extension settings
2026-03-15 19:29:28.950: [INFO][Sync] Stopped: History Delete Directives
2026-03-15 19:29:28.950: [INFO][Sync] Stopped: Device Info
2026-03-15 19:29:28.950: [INFO][Sync] Stopped: User Consents
2026-03-15 19:29:28.950: [INFO][Sync] Stopped: Send Tab To Self
2026-03-15 19:29:28.950: [INFO][Sync] Stopped: Web Apps
2026-03-15 19:29:28.950: [INFO][Sync] Stopped: History
2026-03-15 19:29:28.950: [INFO][Sync] Stopped: Saved Tab Group
2026-03-15 19:29:28.950: [INFO][Sync] Stopped: WebAuthn Credentials
2026-03-15 19:29:28.950: [INFO][Sync] Stopped: Collection
2026-03-15 19:29:28.950: [INFO][Sync] Stopped: Edge E Drop
2026-03-15 19:29:28.950: [INFO][Sync] Stopped: Edge Hub App Usage
2026-03-15 19:29:28.950: [INFO][Sync] Stopped: Edge Wallet
2026-03-15 19:29:28.950: [INFO][Sync] Stopped: Edge Workspace
2026-03-15 19:29:28.950: [INFO][Sync] SyncState after authenticated was: NotSignedIn
2026-03-15 19:29:29.155: [INFO][Sync] Reset engine, reason: 8
2026-03-15 19:29:29.155: [INFO][Sync] Stopped: Bookmarks
2026-03-15 19:29:29.155: [INFO][Sync] Stopped: Preferences
2026-03-15 19:29:29.155: [INFO][Sync] Stopped: Passwords
2026-03-15 19:29:29.155: [INFO][Sync] Stopped: Autofill Profiles
2026-03-15 19:29:29.155: [INFO][Sync] Stopped: Autofill
2026-03-15 19:29:29.155: [INFO][Sync] Stopped: Extensions
2026-03-15 19:29:29.155: [INFO][Sync] Stopped: Sessions
2026-03-15 19:29:29.155: [INFO][Sync] Stopped: Extension settings
2026-03-15 19:29:29.155: [INFO][Sync] Stopped: History Delete Directives
2026-03-15 19:29:29.155: [INFO][Sync] Stopped: Device Info
2026-03-15 19:29:29.155: [INFO][Sync] Stopped: User Consents
2026-03-15 19:29:29.155: [INFO][Sync] Stopped: Send Tab To Self
2026-03-15 19:29:29.155: [INFO][Sync] Stopped: Web Apps
2026-03-15 19:29:29.155: [INFO][Sync] Stopped: History
2026-03-15 19:29:29.155: [INFO][Sync] Stopped: Saved Tab Group
2026-03-15 19:29:29.155: [INFO][Sync] Stopped: WebAuthn Credentials
2026-03-15 19:29:29.155: [INFO][Sync] Stopped: Collection
2026-03-15 19:29:29.155: [INFO][Sync] Stopped: Edge E Drop
2026-03-15 19:29:29.155: [INFO][Sync] Stopped: Edge Hub App Usage
2026-03-15 19:29:29.155: [INFO][Sync] Stopped: Edge Wallet
2026-03-15 19:29:29.155: [INFO][Sync] Stopped: Edge Workspace
2026-03-15 19:31:55.055: [INFO][Sync] Reset engine, reason: 0
2026-03-17 13:53:32.383: [INFO][Sync] Reset engine, reason: 8
2026-03-17 13:53:32.383: [INFO][Sync] Stopped: Bookmarks
2026-03-17 13:53:32.383: [INFO][Sync] Stopped: Preferences
2026-03-17 13:53:32.383: [INFO][Sync] Stopped: Passwords
2026-03-17 13:53:32.383: [INFO][Sync] Stopped: Autofill Profiles
2026-03-17 13:53:32.383: [INFO][Sync] Stopped: Autofill
2026-03-17 13:53:32.383: [INFO][Sync] Stopped: Extensions
2026-03-17 13:53:32.383: [INFO][Sync] Stopped: Sessions
2026-03-17 13:53:32.383: [INFO][Sync] Stopped: Extension settings
2026-03-17 13:53:32.383: [INFO][Sync] Stopped: History Delete Directives
2026-03-17 13:53:32.383: [INFO][Sync] Stopped: Device Info
2026-03-17 13:53:32.383: [INFO][Sync] Stopped: User Consents
2026-03-17 13:53:32.383: [INFO][Sync] Stopped: Send Tab To Self
2026-03-17 13:53:32.383: [INFO][Sync] Stopped: Web Apps
2026-03-17 13:53:32.383: [INFO][Sync] Stopped: History
2026-03-17 13:53:32.383: [INFO][Sync] Stopped: Saved Tab Group
2026-03-17 13:53:32.383: [INFO][Sync] Stopped: WebAuthn Credentials
2026-03-17 13:53:32.383: [INFO][Sync] Stopped: Collection
2026-03-17 13:53:32.383: [INFO][Sync] Stopped: Edge E Drop
2026-03-17 13:53:32.383: [INFO][Sync] Stopped: Edge Hub App Usage
2026-03-17 13:53:32.383: [INFO][Sync] Stopped: Edge Wallet
2026-03-17 13:53:32.383: [INFO][Sync] Stopped: Edge Workspace
2026-03-17 13:53:32.383: [INFO][Sync] SyncState after authenticated was: NotSignedIn
2026-03-17 13:53:32.515: [INFO][Sync] Reset engine, reason: 8
2026-03-17 13:53:32.515: [INFO][Sync] Stopped: Bookmarks
2026-03-17 13:53:32.515: [INFO][Sync] Stopped: Preferences
2026-03-17 13:53:32.515: [INFO][Sync] Stopped: Passwords
2026-03-17 13:53:32.515: [INFO][Sync] Stopped: Autofill Profiles
2026-03-17 13:53:32.515: [INFO][Sync] Stopped: Autofill
2026-03-17 13:53:32.515: [INFO][Sync] Stopped: Extensions
2026-03-17 13:53:32.515: [INFO][Sync] Stopped: Sessions
2026-03-17 13:53:32.515: [INFO][Sync] Stopped: Extension settings
2026-03-17 13:53:32.515: [INFO][Sync] Stopped: History Delete Directives
2026-03-17 13:53:32.515: [INFO][Sync] Stopped: Device Info
2026-03-17 13:53:32.515: [INFO][Sync] Stopped: User Consents
2026-03-17 13:53:32.515: [INFO][Sync] Stopped: Send Tab To Self
2026-03-17 13:53:32.515: [INFO][Sync] Stopped: Web Apps
2026-03-17 13:53:32.515: [INFO][Sync] Stopped: History
2026-03-17 13:53:32.515: [INFO][Sync] Stopped: Saved Tab Group
2026-03-17 13:53:32.515: [INFO][Sync] Stopped: WebAuthn Credentials
2026-03-17 13:53:32.515: [INFO][Sync] Stopped: Collection
2026-03-17 13:53:32.515: [INFO][Sync] Stopped: Edge E Drop
2026-03-17 13:53:32.515: [INFO][Sync] Stopped: Edge Hub App Usage
2026-03-17 13:53:32.515: [INFO][Sync] Stopped: Edge Wallet
2026-03-17 13:53:32.515: [INFO][Sync] Stopped: Edge Workspace
2026-03-17 13:55:30.288: [INFO][Sync] Reset engine, reason: 0
2026-03-18 16:52:46.747: [INFO][Sync] Reset engine, reason: 8
2026-03-18 16:52:46.747: [INFO][Sync] Stopped: Bookmarks
2026-03-18 16:52:46.747: [INFO][Sync] Stopped: Preferences
2026-03-18 16:52:46.747: [INFO][Sync] Stopped: Passwords
2026-03-18 16:52:46.747: [INFO][Sync] Stopped: Autofill Profiles
2026-03-18 16:52:46.747: [INFO][Sync] Stopped: Autofill
2026-03-18 16:52:46.747: [INFO][Sync] Stopped: Extensions
2026-03-18 16:52:46.747: [INFO][Sync] Stopped: Sessions
2026-03-18 16:52:46.747: [INFO][Sync] Stopped: Extension settings
2026-03-18 16:52:46.747: [INFO][Sync] Stopped: History Delete Directives
2026-03-18 16:52:46.747: [INFO][Sync] Stopped: Device Info
2026-03-18 16:52:46.747: [INFO][Sync] Stopped: User Consents
2026-03-18 16:52:46.747: [INFO][Sync] Stopped: Send Tab To Self
2026-03-18 16:52:46.747: [INFO][Sync] Stopped: Web Apps
2026-03-18 16:52:46.747: [INFO][Sync] Stopped: History
2026-03-18 16:52:46.747: [INFO][Sync] Stopped: Saved Tab Group
2026-03-18 16:52:46.747: [INFO][Sync] Stopped: WebAuthn Credentials
2026-03-18 16:52:46.747: [INFO][Sync] Stopped: Collection
2026-03-18 16:52:46.747: [INFO][Sync] Stopped: Edge E Drop
2026-03-18 16:52:46.747: [INFO][Sync] Stopped: Edge Hub App Usage
2026-03-18 16:52:46.747: [INFO][Sync] Stopped: Edge Wallet
2026-03-18 16:52:46.747: [INFO][Sync] Stopped: Edge Workspace
2026-03-18 16:52:46.747: [INFO][Sync] SyncState after authenticated was: NotSignedIn
2026-03-18 16:52:46.882: [INFO][Sync] Reset engine, reason: 8
2026-03-18 16:52:46.882: [INFO][Sync] Stopped: Bookmarks
2026-03-18 16:52:46.882: [INFO][Sync] Stopped: Preferences
2026-03-18 16:52:46.882: [INFO][Sync] Stopped: Passwords
2026-03-18 16:52:46.882: [INFO][Sync] Stopped: Autofill Profiles
2026-03-18 16:52:46.882: [INFO][Sync] Stopped: Autofill
2026-03-18 16:52:46.882: [INFO][Sync] Stopped: Extensions
2026-03-18 16:52:46.882: [INFO][Sync] Stopped: Sessions
2026-03-18 16:52:46.882: [INFO][Sync] Stopped: Extension settings
2026-03-18 16:52:46.882: [INFO][Sync] Stopped: History Delete Directives
2026-03-18 16:52:46.882: [INFO][Sync] Stopped: Device Info
2026-03-18 16:52:46.882: [INFO][Sync] Stopped: User Consents
2026-03-18 16:52:46.882: [INFO][Sync] Stopped: Send Tab To Self
2026-03-18 16:52:46.882: [INFO][Sync] Stopped: Web Apps
2026-03-18 16:52:46.882: [INFO][Sync] Stopped: History
2026-03-18 16:52:46.882: [INFO][Sync] Stopped: Saved Tab Group
2026-03-18 16:52:46.882: [INFO][Sync] Stopped: WebAuthn Credentials
2026-03-18 16:52:46.882: [INFO][Sync] Stopped: Collection
2026-03-18 16:52:46.882: [INFO][Sync] Stopped: Edge E Drop
2026-03-18 16:52:46.882: [INFO][Sync] Stopped: Edge Hub App Usage
2026-03-18 16:52:46.882: [INFO][Sync] Stopped: Edge Wallet
2026-03-18 16:52:46.882: [INFO][Sync] Stopped: Edge Workspace
2026-03-18 16:54:50.774: [INFO][Sync] Reset engine, reason: 0
2026-03-19 14:57:46.627: [INFO][Sync] Reset engine, reason: 8
2026-03-19 14:57:46.627: [INFO][Sync] Stopped: Bookmarks
2026-03-19 14:57:46.627: [INFO][Sync] Stopped: Preferences
2026-03-19 14:57:46.627: [INFO][Sync] Stopped: Passwords
2026-03-19 14:57:46.627: [INFO][Sync] Stopped: Autofill Profiles
2026-03-19 14:57:46.627: [INFO][Sync] Stopped: Autofill
2026-03-19 14:57:46.627: [INFO][Sync] Stopped: Extensions
2026-03-19 14:57:46.627: [INFO][Sync] Stopped: Sessions
2026-03-19 14:57:46.627: [INFO][Sync] Stopped: Extension settings
2026-03-19 14:57:46.627: [INFO][Sync] Stopped: History Delete Directives
2026-03-19 14:57:46.627: [INFO][Sync] Stopped: Device Info
2026-03-19 14:57:46.627: [INFO][Sync] Stopped: User Consents
2026-03-19 14:57:46.627: [INFO][Sync] Stopped: Send Tab To Self
2026-03-19 14:57:46.627: [INFO][Sync] Stopped: Web Apps
2026-03-19 14:57:46.627: [INFO][Sync] Stopped: History
2026-03-19 14:57:46.627: [INFO][Sync] Stopped: Saved Tab Group
2026-03-19 14:57:46.627: [INFO][Sync] Stopped: WebAuthn Credentials
2026-03-19 14:57:46.627: [INFO][Sync] Stopped: Collection
2026-03-19 14:57:46.627: [INFO][Sync] Stopped: Edge E Drop
2026-03-19 14:57:46.627: [INFO][Sync] Stopped: Edge Hub App Usage
2026-03-19 14:57:46.627: [INFO][Sync] Stopped: Edge Wallet
2026-03-19 14:57:46.627: [INFO][Sync] Stopped: Edge Workspace
2026-03-19 14:57:46.627: [INFO][Sync] SyncState after authenticated was: NotSignedIn
2026-03-19 14:57:46.783: [INFO][Sync] Reset engine, reason: 8
2026-03-19 14:57:46.783: [INFO][Sync] Stopped: Bookmarks
2026-03-19 14:57:46.783: [INFO][Sync] Stopped: Preferences
2026-03-19 14:57:46.783: [INFO][Sync] Stopped: Passwords
2026-03-19 14:57:46.783: [INFO][Sync] Stopped: Autofill Profiles
2026-03-19 14:57:46.783: [INFO][Sync] Stopped: Autofill
2026-03-19 14:57:46.783: [INFO][Sync] Stopped: Extensions
2026-03-19 14:57:46.783: [INFO][Sync] Stopped: Sessions
2026-03-19 14:57:46.783: [INFO][Sync] Stopped: Extension settings
2026-03-19 14:57:46.783: [INFO][Sync] Stopped: History Delete Directives
2026-03-19 14:57:46.783: [INFO][Sync] Stopped: Device Info
2026-03-19 14:57:46.783: [INFO][Sync] Stopped: User Consents
2026-03-19 14:57:46.783: [INFO][Sync] Stopped: Send Tab To Self
2026-03-19 14:57:46.783: [INFO][Sync] Stopped: Web Apps
2026-03-19 14:57:46.783: [INFO][Sync] Stopped: History
2026-03-19 14:57:46.783: [INFO][Sync] Stopped: Saved Tab Group
2026-03-19 14:57:46.783: [INFO][Sync] Stopped: WebAuthn Credentials
2026-03-19 14:57:46.783: [INFO][Sync] Stopped: Collection
2026-03-19 14:57:46.783: [INFO][Sync] Stopped: Edge E Drop
2026-03-19 14:57:46.783: [INFO][Sync] Stopped: Edge Hub App Usage
2026-03-19 14:57:46.783: [INFO][Sync] Stopped: Edge Wallet
2026-03-19 14:57:46.783: [INFO][Sync] Stopped: Edge Workspace
2026-03-19 14:59:43.997: [INFO][Sync] Reset engine, reason: 0
2026-03-20 14:14:57.472: [INFO][Sync] Reset engine, reason: 8
2026-03-20 14:14:57.472: [INFO][Sync] Stopped: Bookmarks
2026-03-20 14:14:57.472: [INFO][Sync] Stopped: Preferences
2026-03-20 14:14:57.472: [INFO][Sync] Stopped: Passwords
2026-03-20 14:14:57.472: [INFO][Sync] Stopped: Autofill Profiles
2026-03-20 14:14:57.472: [INFO][Sync] Stopped: Autofill
2026-03-20 14:14:57.472: [INFO][Sync] Stopped: Extensions
2026-03-20 14:14:57.472: [INFO][Sync] Stopped: Sessions
2026-03-20 14:14:57.472: [INFO][Sync] Stopped: Extension settings
2026-03-20 14:14:57.472: [INFO][Sync] Stopped: History Delete Directives
2026-03-20 14:14:57.472: [INFO][Sync] Stopped: Device Info
2026-03-20 14:14:57.472: [INFO][Sync] Stopped: User Consents
2026-03-20 14:14:57.472: [INFO][Sync] Stopped: Send Tab To Self
2026-03-20 14:14:57.472: [INFO][Sync] Stopped: Web Apps
2026-03-20 14:14:57.472: [INFO][Sync] Stopped: History
2026-03-20 14:14:57.472: [INFO][Sync] Stopped: Saved Tab Group
2026-03-20 14:14:57.472: [INFO][Sync] Stopped: WebAuthn Credentials
2026-03-20 14:14:57.472: [INFO][Sync] Stopped: Collection
2026-03-20 14:14:57.472: [INFO][Sync] Stopped: Edge E Drop
2026-03-20 14:14:57.472: [INFO][Sync] Stopped: Edge Hub App Usage
2026-03-20 14:14:57.472: [INFO][Sync] Stopped: Edge Wallet
2026-03-20 14:14:57.472: [INFO][Sync] Stopped: Edge Workspace
2026-03-20 14:14:57.472: [INFO][Sync] SyncState after authenticated was: NotSignedIn
2026-03-20 14:14:57.619: [INFO][Sync] Reset engine, reason: 8
2026-03-20 14:14:57.619: [INFO][Sync] Stopped: Bookmarks
2026-03-20 14:14:57.619: [INFO][Sync] Stopped: Preferences
2026-03-20 14:14:57.619: [INFO][Sync] Stopped: Passwords
2026-03-20 14:14:57.619: [INFO][Sync] Stopped: Autofill Profiles
2026-03-20 14:14:57.619: [INFO][Sync] Stopped: Autofill
2026-03-20 14:14:57.619: [INFO][Sync] Stopped: Extensions
2026-03-20 14:14:57.619: [INFO][Sync] Stopped: Sessions
2026-03-20 14:14:57.619: [INFO][Sync] Stopped: Extension settings
2026-03-20 14:14:57.619: [INFO][Sync] Stopped: History Delete Directives
2026-03-20 14:14:57.619: [INFO][Sync] Stopped: Device Info
2026-03-20 14:14:57.619: [INFO][Sync] Stopped: User Consents
2026-03-20 14:14:57.619: [INFO][Sync] Stopped: Send Tab To Self
2026-03-20 14:14:57.619: [INFO][Sync] Stopped: Web Apps
2026-03-20 14:14:57.619: [INFO][Sync] Stopped: History
2026-03-20 14:14:57.619: [INFO][Sync] Stopped: Saved Tab Group
2026-03-20 14:14:57.619: [INFO][Sync] Stopped: WebAuthn Credentials
2026-03-20 14:14:57.619: [INFO][Sync] Stopped: Collection
2026-03-20 14:14:57.619: [INFO][Sync] Stopped: Edge E Drop
2026-03-20 14:14:57.619: [INFO][Sync] Stopped: Edge Hub App Usage
2026-03-20 14:14:57.619: [INFO][Sync] Stopped: Edge Wallet
2026-03-20 14:14:57.619: [INFO][Sync] Stopped: Edge Workspace
2026-03-20 14:16:22.830: [INFO][Sync] Reset engine, reason: 0
2026-03-23 14:57:14.522: [INFO][Sync] Reset engine, reason: 8
2026-03-23 14:57:14.522: [INFO][Sync] Stopped: Bookmarks
2026-03-23 14:57:14.522: [INFO][Sync] Stopped: Preferences
2026-03-23 14:57:14.522: [INFO][Sync] Stopped: Passwords
2026-03-23 14:57:14.522: [INFO][Sync] Stopped: Autofill Profiles
2026-03-23 14:57:14.522: [INFO][Sync] Stopped: Autofill
2026-03-23 14:57:14.522: [INFO][Sync] Stopped: Extensions
2026-03-23 14:57:14.522: [INFO][Sync] Stopped: Sessions
2026-03-23 14:57:14.522: [INFO][Sync] Stopped: Extension settings
2026-03-23 14:57:14.522: [INFO][Sync] Stopped: History Delete Directives
2026-03-23 14:57:14.522: [INFO][Sync] Stopped: Device Info
2026-03-23 14:57:14.522: [INFO][Sync] Stopped: User Consents
2026-03-23 14:57:14.522: [INFO][Sync] Stopped: Send Tab To Self
2026-03-23 14:57:14.522: [INFO][Sync] Stopped: Web Apps
2026-03-23 14:57:14.522: [INFO][Sync] Stopped: History
2026-03-23 14:57:14.522: [INFO][Sync] Stopped: Saved Tab Group
2026-03-23 14:57:14.522: [INFO][Sync] Stopped: WebAuthn Credentials
2026-03-23 14:57:14.522: [INFO][Sync] Stopped: Collection
2026-03-23 14:57:14.522: [INFO][Sync] Stopped: Edge E Drop
2026-03-23 14:57:14.522: [INFO][Sync] Stopped: Edge Hub App Usage
2026-03-23 14:57:14.522: [INFO][Sync] Stopped: Edge Wallet
2026-03-23 14:57:14.522: [INFO][Sync] Stopped: Edge Workspace
2026-03-23 14:57:14.522: [INFO][Sync] SyncState after authenticated was: NotSignedIn
2026-03-23 14:57:14.659: [INFO][Sync] Reset engine, reason: 8
2026-03-23 14:57:14.659: [INFO][Sync] Stopped: Bookmarks
2026-03-23 14:57:14.659: [INFO][Sync] Stopped: Preferences
2026-03-23 14:57:14.659: [INFO][Sync] Stopped: Passwords
2026-03-23 14:57:14.659: [INFO][Sync] Stopped: Autofill Profiles
2026-03-23 14:57:14.659: [INFO][Sync] Stopped: Autofill
2026-03-23 14:57:14.659: [INFO][Sync] Stopped: Extensions
2026-03-23 14:57:14.659: [INFO][Sync] Stopped: Sessions
2026-03-23 14:57:14.659: [INFO][Sync] Stopped: Extension settings
2026-03-23 14:57:14.659: [INFO][Sync] Stopped: History Delete Directives
2026-03-23 14:57:14.659: [INFO][Sync] Stopped: Device Info
2026-03-23 14:57:14.659: [INFO][Sync] Stopped: User Consents
2026-03-23 14:57:14.659: [INFO][Sync] Stopped: Send Tab To Self
2026-03-23 14:57:14.659: [INFO][Sync] Stopped: Web Apps
2026-03-23 14:57:14.659: [INFO][Sync] Stopped: History
2026-03-23 14:57:14.659: [INFO][Sync] Stopped: Saved Tab Group
2026-03-23 14:57:14.659: [INFO][Sync] Stopped: WebAuthn Credentials
2026-03-23 14:57:14.659: [INFO][Sync] Stopped: Collection
2026-03-23 14:57:14.659: [INFO][Sync] Stopped: Edge E Drop
2026-03-23 14:57:14.659: [INFO][Sync] Stopped: Edge Hub App Usage
2026-03-23 14:57:14.659: [INFO][Sync] Stopped: Edge Wallet
2026-03-23 14:57:14.659: [INFO][Sync] Stopped: Edge Workspace
2026-03-23 14:59:27.955: [INFO][Sync] Reset engine, reason: 0
2026-03-24 12:45:22.369: [INFO][Sync] Reset engine, reason: 8
2026-03-24 12:45:22.369: [INFO][Sync] Stopped: Bookmarks
2026-03-24 12:45:22.369: [INFO][Sync] Stopped: Preferences
2026-03-24 12:45:22.369: [INFO][Sync] Stopped: Passwords
2026-03-24 12:45:22.369: [INFO][Sync] Stopped: Autofill Profiles
2026-03-24 12:45:22.369: [INFO][Sync] Stopped: Autofill
2026-03-24 12:45:22.369: [INFO][Sync] Stopped: Extensions
2026-03-24 12:45:22.369: [INFO][Sync] Stopped: Sessions
2026-03-24 12:45:22.369: [INFO][Sync] Stopped: Extension settings
2026-03-24 12:45:22.369: [INFO][Sync] Stopped: History Delete Directives
2026-03-24 12:45:22.369: [INFO][Sync] Stopped: Device Info
2026-03-24 12:45:22.369: [INFO][Sync] Stopped: User Consents
2026-03-24 12:45:22.369: [INFO][Sync] Stopped: Send Tab To Self
2026-03-24 12:45:22.369: [INFO][Sync] Stopped: Web Apps
2026-03-24 12:45:22.369: [INFO][Sync] Stopped: History
2026-03-24 12:45:22.369: [INFO][Sync] Stopped: Saved Tab Group
2026-03-24 12:45:22.369: [INFO][Sync] Stopped: WebAuthn Credentials
2026-03-24 12:45:22.369: [INFO][Sync] Stopped: Collection
2026-03-24 12:45:22.369: [INFO][Sync] Stopped: Edge E Drop
2026-03-24 12:45:22.369: [INFO][Sync] Stopped: Edge Hub App Usage
2026-03-24 12:45:22.369: [INFO][Sync] Stopped: Edge Wallet
2026-03-24 12:45:22.369: [INFO][Sync] Stopped: Edge Workspace
2026-03-24 12:45:22.370: [INFO][Sync] SyncState after authenticated was: NotSignedIn
2026-03-24 12:45:22.500: [INFO][Sync] Reset engine, reason: 8
2026-03-24 12:45:22.500: [INFO][Sync] Stopped: Bookmarks
2026-03-24 12:45:22.500: [INFO][Sync] Stopped: Preferences
2026-03-24 12:45:22.501: [INFO][Sync] Stopped: Passwords
2026-03-24 12:45:22.501: [INFO][Sync] Stopped: Autofill Profiles
2026-03-24 12:45:22.501: [INFO][Sync] Stopped: Autofill
2026-03-24 12:45:22.501: [INFO][Sync] Stopped: Extensions
2026-03-24 12:45:22.501: [INFO][Sync] Stopped: Sessions
2026-03-24 12:45:22.501: [INFO][Sync] Stopped: Extension settings
2026-03-24 12:45:22.501: [INFO][Sync] Stopped: History Delete Directives
2026-03-24 12:45:22.501: [INFO][Sync] Stopped: Device Info
2026-03-24 12:45:22.501: [INFO][Sync] Stopped: User Consents
2026-03-24 12:45:22.501: [INFO][Sync] Stopped: Send Tab To Self
2026-03-24 12:45:22.501: [INFO][Sync] Stopped: Web Apps
2026-03-24 12:45:22.501: [INFO][Sync] Stopped: History
2026-03-24 12:45:22.501: [INFO][Sync] Stopped: Saved Tab Group
2026-03-24 12:45:22.501: [INFO][Sync] Stopped: WebAuthn Credentials
2026-03-24 12:45:22.501: [INFO][Sync] Stopped: Collection
2026-03-24 12:45:22.501: [INFO][Sync] Stopped: Edge E Drop
2026-03-24 12:45:22.501: [INFO][Sync] Stopped: Edge Hub App Usage
2026-03-24 12:45:22.501: [INFO][Sync] Stopped: Edge Wallet
2026-03-24 12:45:22.501: [INFO][Sync] Stopped: Edge Workspace
2026-03-24 12:47:45.191: [INFO][Sync] Reset engine, reason: 0
2026-03-25 13:22:57.362: [INFO][Sync] Reset engine, reason: 8
2026-03-25 13:22:57.362: [INFO][Sync] Stopped: Bookmarks
2026-03-25 13:22:57.362: [INFO][Sync] Stopped: Preferences
2026-03-25 13:22:57.362: [INFO][Sync] Stopped: Passwords
2026-03-25 13:22:57.362: [INFO][Sync] Stopped: Autofill Profiles
2026-03-25 13:22:57.362: [INFO][Sync] Stopped: Autofill
2026-03-25 13:22:57.362: [INFO][Sync] Stopped: Extensions
2026-03-25 13:22:57.362: [INFO][Sync] Stopped: Sessions
2026-03-25 13:22:57.362: [INFO][Sync] Stopped: Extension settings
2026-03-25 13:22:57.362: [INFO][Sync] Stopped: History Delete Directives
2026-03-25 13:22:57.363: [INFO][Sync] Stopped: Device Info
2026-03-25 13:22:57.363: [INFO][Sync] Stopped: User Consents
2026-03-25 13:22:57.363: [INFO][Sync] Stopped: Send Tab To Self
2026-03-25 13:22:57.363: [INFO][Sync] Stopped: Web Apps
2026-03-25 13:22:57.363: [INFO][Sync] Stopped: History
2026-03-25 13:22:57.363: [INFO][Sync] Stopped: Saved Tab Group
2026-03-25 13:22:57.363: [INFO][Sync] Stopped: WebAuthn Credentials
2026-03-25 13:22:57.363: [INFO][Sync] Stopped: Collection
2026-03-25 13:22:57.363: [INFO][Sync] Stopped: Edge E Drop
2026-03-25 13:22:57.363: [INFO][Sync] Stopped: Edge Hub App Usage
2026-03-25 13:22:57.363: [INFO][Sync] Stopped: Edge Wallet
2026-03-25 13:22:57.363: [INFO][Sync] Stopped: Edge Workspace
2026-03-25 13:22:57.363: [INFO][Sync] SyncState after authenticated was: NotSignedIn
2026-03-25 13:22:57.492: [INFO][Sync] Reset engine, reason: 8
2026-03-25 13:22:57.492: [INFO][Sync] Stopped: Bookmarks
2026-03-25 13:22:57.492: [INFO][Sync] Stopped: Preferences
2026-03-25 13:22:57.492: [INFO][Sync] Stopped: Passwords
2026-03-25 13:22:57.492: [INFO][Sync] Stopped: Autofill Profiles
2026-03-25 13:22:57.492: [INFO][Sync] Stopped: Autofill
2026-03-25 13:22:57.492: [INFO][Sync] Stopped: Extensions
2026-03-25 13:22:57.492: [INFO][Sync] Stopped: Sessions
2026-03-25 13:22:57.492: [INFO][Sync] Stopped: Extension settings
2026-03-25 13:22:57.492: [INFO][Sync] Stopped: History Delete Directives
2026-03-25 13:22:57.492: [INFO][Sync] Stopped: Device Info
2026-03-25 13:22:57.492: [INFO][Sync] Stopped: User Consents
2026-03-25 13:22:57.492: [INFO][Sync] Stopped: Send Tab To Self
2026-03-25 13:22:57.492: [INFO][Sync] Stopped: Web Apps
2026-03-25 13:22:57.492: [INFO][Sync] Stopped: History
2026-03-25 13:22:57.492: [INFO][Sync] Stopped: Saved Tab Group
2026-03-25 13:22:57.492: [INFO][Sync] Stopped: WebAuthn Credentials
2026-03-25 13:22:57.492: [INFO][Sync] Stopped: Collection
2026-03-25 13:22:57.492: [INFO][Sync] Stopped: Edge E Drop
2026-03-25 13:22:57.492: [INFO][Sync] Stopped: Edge Hub App Usage
2026-03-25 13:22:57.492: [INFO][Sync] Stopped: Edge Wallet
2026-03-25 13:22:57.492: [INFO][Sync] Stopped: Edge Workspace
2026-03-25 13:25:14.568: [INFO][Sync] Reset engine, reason: 0
2026-03-26 14:02:05.909: [INFO][Sync] Reset engine, reason: 8
2026-03-26 14:02:05.909: [INFO][Sync] Stopped: Bookmarks
2026-03-26 14:02:05.909: [INFO][Sync] Stopped: Preferences
2026-03-26 14:02:05.909: [INFO][Sync] Stopped: Passwords
2026-03-26 14:02:05.909: [INFO][Sync] Stopped: Autofill Profiles
2026-03-26 14:02:05.909: [INFO][Sync] Stopped: Autofill
2026-03-26 14:02:05.909: [INFO][Sync] Stopped: Extensions
2026-03-26 14:02:05.909: [INFO][Sync] Stopped: Sessions
2026-03-26 14:02:05.909: [INFO][Sync] Stopped: Extension settings
2026-03-26 14:02:05.909: [INFO][Sync] Stopped: History Delete Directives
2026-03-26 14:02:05.909: [INFO][Sync] Stopped: Device Info
2026-03-26 14:02:05.909: [INFO][Sync] Stopped: User Consents
2026-03-26 14:02:05.909: [INFO][Sync] Stopped: Send Tab To Self
2026-03-26 14:02:05.909: [INFO][Sync] Stopped: Web Apps
2026-03-26 14:02:05.909: [INFO][Sync] Stopped: History
2026-03-26 14:02:05.909: [INFO][Sync] Stopped: Saved Tab Group
2026-03-26 14:02:05.909: [INFO][Sync] Stopped: WebAuthn Credentials
2026-03-26 14:02:05.909: [INFO][Sync] Stopped: Collection
2026-03-26 14:02:05.909: [INFO][Sync] Stopped: Edge E Drop
2026-03-26 14:02:05.909: [INFO][Sync] Stopped: Edge Hub App Usage
2026-03-26 14:02:05.909: [INFO][Sync] Stopped: Edge Wallet
2026-03-26 14:02:05.909: [INFO][Sync] Stopped: Edge Workspace
2026-03-26 14:02:05.909: [INFO][Sync] SyncState after authenticated was: NotSignedIn
2026-03-26 14:02:06.043: [INFO][Sync] Reset engine, reason: 8
2026-03-26 14:02:06.043: [INFO][Sync] Stopped: Bookmarks
2026-03-26 14:02:06.043: [INFO][Sync] Stopped: Preferences
2026-03-26 14:02:06.043: [INFO][Sync] Stopped: Passwords
2026-03-26 14:02:06.043: [INFO][Sync] Stopped: Autofill Profiles
2026-03-26 14:02:06.043: [INFO][Sync] Stopped: Autofill
2026-03-26 14:02:06.043: [INFO][Sync] Stopped: Extensions
2026-03-26 14:02:06.043: [INFO][Sync] Stopped: Sessions
2026-03-26 14:02:06.043: [INFO][Sync] Stopped: Extension settings
2026-03-26 14:02:06.043: [INFO][Sync] Stopped: History Delete Directives
2026-03-26 14:02:06.043: [INFO][Sync] Stopped: Device Info
2026-03-26 14:02:06.043: [INFO][Sync] Stopped: User Consents
2026-03-26 14:02:06.043: [INFO][Sync] Stopped: Send Tab To Self
2026-03-26 14:02:06.043: [INFO][Sync] Stopped: Web Apps
2026-03-26 14:02:06.043: [INFO][Sync] Stopped: History
2026-03-26 14:02:06.043: [INFO][Sync] Stopped: Saved Tab Group
2026-03-26 14:02:06.043: [INFO][Sync] Stopped: WebAuthn Credentials
2026-03-26 14:02:06.043: [INFO][Sync] Stopped: Collection
2026-03-26 14:02:06.043: [INFO][Sync] Stopped: Edge E Drop
2026-03-26 14:02:06.043: [INFO][Sync] Stopped: Edge Hub App Usage
2026-03-26 14:02:06.043: [INFO][Sync] Stopped: Edge Wallet
2026-03-26 14:02:06.043: [INFO][Sync] Stopped: Edge Workspace
2026-03-26 14:04:21.666: [INFO][Sync] Reset engine, reason: 0
2026-03-27 14:20:59.340: [INFO][Sync] Reset engine, reason: 8
2026-03-27 14:20:59.340: [INFO][Sync] Stopped: Bookmarks
2026-03-27 14:20:59.340: [INFO][Sync] Stopped: Preferences
2026-03-27 14:20:59.340: [INFO][Sync] Stopped: Passwords
2026-03-27 14:20:59.340: [INFO][Sync] Stopped: Autofill Profiles
2026-03-27 14:20:59.340: [INFO][Sync] Stopped: Autofill
2026-03-27 14:20:59.340: [INFO][Sync] Stopped: Extensions
2026-03-27 14:20:59.340: [INFO][Sync] Stopped: Sessions
2026-03-27 14:20:59.340: [INFO][Sync] Stopped: Extension settings
2026-03-27 14:20:59.340: [INFO][Sync] Stopped: History Delete Directives
2026-03-27 14:20:59.340: [INFO][Sync] Stopped: Device Info
2026-03-27 14:20:59.340: [INFO][Sync] Stopped: User Consents
2026-03-27 14:20:59.340: [INFO][Sync] Stopped: Send Tab To Self
2026-03-27 14:20:59.340: [INFO][Sync] Stopped: Web Apps
2026-03-27 14:20:59.340: [INFO][Sync] Stopped: History
2026-03-27 14:20:59.340: [INFO][Sync] Stopped: Saved Tab Group
2026-03-27 14:20:59.340: [INFO][Sync] Stopped: WebAuthn Credentials
2026-03-27 14:20:59.340: [INFO][Sync] Stopped: Collection
2026-03-27 14:20:59.340: [INFO][Sync] Stopped: Edge E Drop
2026-03-27 14:20:59.340: [INFO][Sync] Stopped: Edge Hub App Usage
2026-03-27 14:20:59.340: [INFO][Sync] Stopped: Edge Wallet
2026-03-27 14:20:59.340: [INFO][Sync] Stopped: Edge Workspace
2026-03-27 14:20:59.340: [INFO][Sync] SyncState after authenticated was: NotSignedIn
2026-03-27 14:20:59.454: [INFO][Sync] Reset engine, reason: 8
2026-03-27 14:20:59.454: [INFO][Sync] Stopped: Bookmarks
2026-03-27 14:20:59.454: [INFO][Sync] Stopped: Preferences
2026-03-27 14:20:59.454: [INFO][Sync] Stopped: Passwords
2026-03-27 14:20:59.454: [INFO][Sync] Stopped: Autofill Profiles
2026-03-27 14:20:59.454: [INFO][Sync] Stopped: Autofill
2026-03-27 14:20:59.454: [INFO][Sync] Stopped: Extensions
2026-03-27 14:20:59.454: [INFO][Sync] Stopped: Sessions
2026-03-27 14:20:59.454: [INFO][Sync] Stopped: Extension settings
2026-03-27 14:20:59.454: [INFO][Sync] Stopped: History Delete Directives
2026-03-27 14:20:59.454: [INFO][Sync] Stopped: Device Info
2026-03-27 14:20:59.454: [INFO][Sync] Stopped: User Consents
2026-03-27 14:20:59.454: [INFO][Sync] Stopped: Send Tab To Self
2026-03-27 14:20:59.454: [INFO][Sync] Stopped: Web Apps
2026-03-27 14:20:59.454: [INFO][Sync] Stopped: History
2026-03-27 14:20:59.454: [INFO][Sync] Stopped: Saved Tab Group
2026-03-27 14:20:59.454: [INFO][Sync] Stopped: WebAuthn Credentials
2026-03-27 14:20:59.454: [INFO][Sync] Stopped: Collection
2026-03-27 14:20:59.454: [INFO][Sync] Stopped: Edge E Drop
2026-03-27 14:20:59.454: [INFO][Sync] Stopped: Edge Hub App Usage
2026-03-27 14:20:59.454: [INFO][Sync] Stopped: Edge Wallet
2026-03-27 14:20:59.454: [INFO][Sync] Stopped: Edge Workspace
2026-03-27 14:23:08.006: [INFO][Sync] Reset engine, reason: 0
2026-03-27 14:24:17.936: [INFO][Sync] Reset engine, reason: 8
2026-03-27 14:24:17.936: [INFO][Sync] Stopped: Bookmarks
2026-03-27 14:24:17.936: [INFO][Sync] Stopped: Preferences
2026-03-27 14:24:17.936: [INFO][Sync] Stopped: Passwords
2026-03-27 14:24:17.936: [INFO][Sync] Stopped: Autofill Profiles
2026-03-27 14:24:17.936: [INFO][Sync] Stopped: Autofill
2026-03-27 14:24:17.936: [INFO][Sync] Stopped: Extensions
2026-03-27 14:24:17.936: [INFO][Sync] Stopped: Sessions
2026-03-27 14:24:17.936: [INFO][Sync] Stopped: Extension settings
2026-03-27 14:24:17.936: [INFO][Sync] Stopped: History Delete Directives
2026-03-27 14:24:17.936: [INFO][Sync] Stopped: Device Info
2026-03-27 14:24:17.936: [INFO][Sync] Stopped: User Consents
2026-03-27 14:24:17.936: [INFO][Sync] Stopped: Send Tab To Self
2026-03-27 14:24:17.936: [INFO][Sync] Stopped: Web Apps
2026-03-27 14:24:17.936: [INFO][Sync] Stopped: History
2026-03-27 14:24:17.936: [INFO][Sync] Stopped: Saved Tab Group
2026-03-27 14:24:17.936: [INFO][Sync] Stopped: WebAuthn Credentials
2026-03-27 14:24:17.936: [INFO][Sync] Stopped: Collection
2026-03-27 14:24:17.936: [INFO][Sync] Stopped: Edge E Drop
2026-03-27 14:24:17.936: [INFO][Sync] Stopped: Edge Hub App Usage
2026-03-27 14:24:17.936: [INFO][Sync] Stopped: Edge Wallet
2026-03-27 14:24:17.936: [INFO][Sync] Stopped: Edge Workspace
2026-03-27 14:24:17.936: [INFO][Sync] SyncState after authenticated was: NotSignedIn
2026-03-27 14:24:18.057: [INFO][Sync] Reset engine, reason: 8
2026-03-27 14:24:18.057: [INFO][Sync] Stopped: Bookmarks
2026-03-27 14:24:18.057: [INFO][Sync] Stopped: Preferences
2026-03-27 14:24:18.057: [INFO][Sync] Stopped: Passwords
2026-03-27 14:24:18.057: [INFO][Sync] Stopped: Autofill Profiles
2026-03-27 14:24:18.057: [INFO][Sync] Stopped: Autofill
2026-03-27 14:24:18.057: [INFO][Sync] Stopped: Extensions
2026-03-27 14:24:18.057: [INFO][Sync] Stopped: Sessions
2026-03-27 14:24:18.057: [INFO][Sync] Stopped: Extension settings
2026-03-27 14:24:18.057: [INFO][Sync] Stopped: History Delete Directives
2026-03-27 14:24:18.057: [INFO][Sync] Stopped: Device Info
2026-03-27 14:24:18.057: [INFO][Sync] Stopped: User Consents
2026-03-27 14:24:18.057: [INFO][Sync] Stopped: Send Tab To Self
2026-03-27 14:24:18.057: [INFO][Sync] Stopped: Web Apps
2026-03-27 14:24:18.057: [INFO][Sync] Stopped: History
2026-03-27 14:24:18.057: [INFO][Sync] Stopped: Saved Tab Group
2026-03-27 14:24:18.057: [INFO][Sync] Stopped: WebAuthn Credentials
2026-03-27 14:24:18.057: [INFO][Sync] Stopped: Collection
2026-03-27 14:24:18.057: [INFO][Sync] Stopped: Edge E Drop
2026-03-27 14:24:18.057: [INFO][Sync] Stopped: Edge Hub App Usage
2026-03-27 14:24:18.057: [INFO][Sync] Stopped: Edge Wallet
2026-03-27 14:24:18.057: [INFO][Sync] Stopped: Edge Workspace
2026-03-27 14:25:14.902: [INFO][Sync] Reset engine, reason: 0
2026-03-30 12:52:57.012: [INFO][Sync] Reset engine, reason: 8
2026-03-30 12:52:57.012: [INFO][Sync] Stopped: Bookmarks
2026-03-30 12:52:57.012: [INFO][Sync] Stopped: Preferences
2026-03-30 12:52:57.012: [INFO][Sync] Stopped: Passwords
2026-03-30 12:52:57.012: [INFO][Sync] Stopped: Autofill Profiles
2026-03-30 12:52:57.012: [INFO][Sync] Stopped: Autofill
2026-03-30 12:52:57.012: [INFO][Sync] Stopped: Extensions
2026-03-30 12:52:57.012: [INFO][Sync] Stopped: Sessions
2026-03-30 12:52:57.012: [INFO][Sync] Stopped: Extension settings
2026-03-30 12:52:57.012: [INFO][Sync] Stopped: History Delete Directives
2026-03-30 12:52:57.012: [INFO][Sync] Stopped: Device Info
2026-03-30 12:52:57.012: [INFO][Sync] Stopped: User Consents
2026-03-30 12:52:57.012: [INFO][Sync] Stopped: Send Tab To Self
2026-03-30 12:52:57.012: [INFO][Sync] Stopped: Web Apps
2026-03-30 12:52:57.012: [INFO][Sync] Stopped: History
2026-03-30 12:52:57.012: [INFO][Sync] Stopped: Saved Tab Group
2026-03-30 12:52:57.012: [INFO][Sync] Stopped: WebAuthn Credentials
2026-03-30 12:52:57.012: [INFO][Sync] Stopped: Collection
2026-03-30 12:52:57.012: [INFO][Sync] Stopped: Edge E Drop
2026-03-30 12:52:57.012: [INFO][Sync] Stopped: Edge Hub App Usage
2026-03-30 12:52:57.012: [INFO][Sync] Stopped: Edge Wallet
2026-03-30 12:52:57.012: [INFO][Sync] Stopped: Edge Workspace
2026-03-30 12:52:57.012: [INFO][Sync] SyncState after authenticated was: NotSignedIn
2026-03-30 12:52:57.118: [INFO][Sync] Reset engine, reason: 8
2026-03-30 12:52:57.118: [INFO][Sync] Stopped: Bookmarks
2026-03-30 12:52:57.118: [INFO][Sync] Stopped: Preferences
2026-03-30 12:52:57.118: [INFO][Sync] Stopped: Passwords
2026-03-30 12:52:57.118: [INFO][Sync] Stopped: Autofill Profiles
2026-03-30 12:52:57.118: [INFO][Sync] Stopped: Autofill
2026-03-30 12:52:57.118: [INFO][Sync] Stopped: Extensions
2026-03-30 12:52:57.118: [INFO][Sync] Stopped: Sessions
2026-03-30 12:52:57.118: [INFO][Sync] Stopped: Extension settings
2026-03-30 12:52:57.118: [INFO][Sync] Stopped: History Delete Directives
2026-03-30 12:52:57.118: [INFO][Sync] Stopped: Device Info
2026-03-30 12:52:57.118: [INFO][Sync] Stopped: User Consents
2026-03-30 12:52:57.118: [INFO][Sync] Stopped: Send Tab To Self
2026-03-30 12:52:57.118: [INFO][Sync] Stopped: Web Apps
2026-03-30 12:52:57.118: [INFO][Sync] Stopped: History
2026-03-30 12:52:57.118: [INFO][Sync] Stopped: Saved Tab Group
2026-03-30 12:52:57.118: [INFO][Sync] Stopped: WebAuthn Credentials
2026-03-30 12:52:57.118: [INFO][Sync] Stopped: Collection
2026-03-30 12:52:57.118: [INFO][Sync] Stopped: Edge E Drop
2026-03-30 12:52:57.118: [INFO][Sync] Stopped: Edge Hub App Usage
2026-03-30 12:52:57.118: [INFO][Sync] Stopped: Edge Wallet
2026-03-30 12:52:57.118: [INFO][Sync] Stopped: Edge Workspace
2026-03-30 12:55:39.954: [INFO][Sync] Reset engine, reason: 0
2026-03-31 15:09:29.784: [INFO][Sync] Reset engine, reason: 8
2026-03-31 15:09:29.784: [INFO][Sync] Stopped: Bookmarks
2026-03-31 15:09:29.784: [INFO][Sync] Stopped: Preferences
2026-03-31 15:09:29.784: [INFO][Sync] Stopped: Passwords
2026-03-31 15:09:29.784: [INFO][Sync] Stopped: Autofill Profiles
2026-03-31 15:09:29.784: [INFO][Sync] Stopped: Autofill
2026-03-31 15:09:29.784: [INFO][Sync] Stopped: Extensions
2026-03-31 15:09:29.784: [INFO][Sync] Stopped: Sessions
2026-03-31 15:09:29.784: [INFO][Sync] Stopped: Extension settings
2026-03-31 15:09:29.784: [INFO][Sync] Stopped: History Delete Directives
2026-03-31 15:09:29.784: [INFO][Sync] Stopped: Device Info
2026-03-31 15:09:29.784: [INFO][Sync] Stopped: User Consents
2026-03-31 15:09:29.784: [INFO][Sync] Stopped: Send Tab To Self
2026-03-31 15:09:29.784: [INFO][Sync] Stopped: Web Apps
2026-03-31 15:09:29.784: [INFO][Sync] Stopped: History
2026-03-31 15:09:29.784: [INFO][Sync] Stopped: Saved Tab Group
2026-03-31 15:09:29.784: [INFO][Sync] Stopped: WebAuthn Credentials
2026-03-31 15:09:29.784: [INFO][Sync] Stopped: Collection
2026-03-31 15:09:29.784: [INFO][Sync] Stopped: Edge E Drop
2026-03-31 15:09:29.784: [INFO][Sync] Stopped: Edge Hub App Usage
2026-03-31 15:09:29.784: [INFO][Sync] Stopped: Edge Wallet
2026-03-31 15:09:29.784: [INFO][Sync] Stopped: Edge Workspace
2026-03-31 15:09:29.784: [INFO][Sync] SyncState after authenticated was: NotSignedIn
2026-03-31 15:09:29.903: [INFO][Sync] Reset engine, reason: 8
2026-03-31 15:09:29.903: [INFO][Sync] Stopped: Bookmarks
2026-03-31 15:09:29.903: [INFO][Sync] Stopped: Preferences
2026-03-31 15:09:29.903: [INFO][Sync] Stopped: Passwords
2026-03-31 15:09:29.903: [INFO][Sync] Stopped: Autofill Profiles
2026-03-31 15:09:29.903: [INFO][Sync] Stopped: Autofill
2026-03-31 15:09:29.903: [INFO][Sync] Stopped: Extensions
2026-03-31 15:09:29.903: [INFO][Sync] Stopped: Sessions
2026-03-31 15:09:29.903: [INFO][Sync] Stopped: Extension settings
2026-03-31 15:09:29.903: [INFO][Sync] Stopped: History Delete Directives
2026-03-31 15:09:29.903: [INFO][Sync] Stopped: Device Info
2026-03-31 15:09:29.903: [INFO][Sync] Stopped: User Consents
2026-03-31 15:09:29.903: [INFO][Sync] Stopped: Send Tab To Self
2026-03-31 15:09:29.903: [INFO][Sync] Stopped: Web Apps
2026-03-31 15:09:29.903: [INFO][Sync] Stopped: History
2026-03-31 15:09:29.903: [INFO][Sync] Stopped: Saved Tab Group
2026-03-31 15:09:29.903: [INFO][Sync] Stopped: WebAuthn Credentials
2026-03-31 15:09:29.903: [INFO][Sync] Stopped: Collection
2026-03-31 15:09:29.903: [INFO][Sync] Stopped: Edge E Drop
2026-03-31 15:09:29.903: [INFO][Sync] Stopped: Edge Hub App Usage
2026-03-31 15:09:29.903: [INFO][Sync] Stopped: Edge Wallet
2026-03-31 15:09:29.903: [INFO][Sync] Stopped: Edge Workspace
2026-03-31 15:12:24.544: [INFO][Sync] Reset engine, reason: 0
